Data Sheetr S1. Mean values of the phenotypic data of agronomic and seed quality traits of the 405 inbreds of the ASSYST diversity set of B. napus.,,,,,,,,,,,,,,,,,,,,,,,,,,,,,,,,
ASSYST,Genotype Name,Trial,agronomic data,,,,,,,,,,,,,,,seed quality data,,,,,,,,,,,,,,
No,,,EMR,DAE,SAW,WIH,PHO,LOF,BOF,BLC,EOF,MYD,LOM,PTH,DBH,PHM,DTH,TGW,AVA,MOI,OIL,PRT,GSL,SUL,OLA,LIA,ERA,NDF,ADF,HCL,ADL,CEL
1,Alesi,winter trial,7.47,6.72,3.02,7.43,2.91,2.41,4.14,2.10,4.51,8.00,1.90,145.68,3.05,2.33,34.87,4.24,4.26,5.16,45.06,18.93,12.41,0.36,67.38,8.78,2.69,17.34,12.57,4.72,6.16,6.33
2,Remy,winter trial,7.24,7.68,3.00,6.15,3.66,2.36,3.43,2.11,4.77,6.50,2.00,146.35,1.67,2.33,38.72,4.75,4.63,5.09,46.88,18.58,16.59,0.32,67.15,10.13,0.93,15.91,11.78,4.40,5.87,5.73
3,Robust,winter trial,7.71,7.57,2.69,6.31,2.00,2.40,5.14,2.11,6.27,5.00,2.19,152.30,3.62,4.33,39.34,5.25,4.90,5.34,44.93,20.00,17.73,0.38,64.99,10.25,-0.84,16.19,11.63,4.71,5.62,6.04
4,Alaska,winter trial,7.18,7.08,2.66,8.01,3.55,2.42,4.00,2.11,3.04,5.00,3.29,155.31,5.60,6.33,48.29,4.49,4.66,5.45,45.11,19.19,16.29,0.37,63.12,11.20,0.40,17.75,12.91,4.82,6.81,6.28
5,Pirola,winter trial,6.07,6.48,3.32,7.40,3.76,3.11,3.16,2.10,3.03,5.00,3.09,128.97,6.05,6.00,45.41,4.41,4.45,5.51,45.33,20.78,16.15,0.37,65.20,10.56,0.86,17.03,12.16,4.64,6.37,6.01
6,Adder,winter trial,7.14,6.89,3.66,7.68,3.71,3.43,3.14,2.11,2.51,4.50,2.05,141.74,5.37,4.33,36.98,5.63,5.32,5.11,45.10,19.55,16.67,0.37,62.19,10.20,-0.64,16.80,11.76,5.06,5.43,6.44
7,Milena,winter trial,6.83,7.94,3.63,7.29,3.90,2.32,3.29,2.10,1.54,5.00,2.33,140.22,3.42,3.00,35.83,5.13,4.75,5.21,45.32,20.17,16.32,0.38,65.69,9.83,1.33,17.04,12.38,4.89,6.28,6.27
8,Allure,winter trial,6.73,7.22,4.30,7.49,4.63,3.06,2.72,2.10,2.48,5.50,3.10,148.11,3.74,2.33,42.63,5.03,4.94,5.34,44.86,20.37,14.34,0.34,65.40,9.89,0.24,16.87,12.16,4.90,5.86,6.21
9,Agalon,winter trial,6.68,6.62,4.65,7.97,3.65,2.35,3.28,2.11,2.27,7.00,1.45,142.28,2.98,4.33,37.90,4.72,4.52,5.67,46.78,19.86,20.18,0.46,69.08,9.70,-1.26,16.99,13.00,4.43,7.21,5.94
10,K615,winter trial,6.77,6.18,2.32,6.65,3.92,2.02,3.43,2.10,6.75,5.00,3.02,130.50,5.65,4.00,27.99,4.98,4.66,5.11,42.75,23.09,37.17,0.61,61.59,10.47,-0.04,16.45,10.26,5.46,4.74,6.60
11,Picasso,winter trial,7.63,7.49,3.67,7.18,3.87,3.41,4.00,2.11,4.31,4.50,2.14,146.29,3.28,4.33,37.05,4.27,4.42,5.66,45.17,19.95,18.97,0.40,66.23,10.85,0.59,17.67,12.95,4.51,7.22,6.07
12,Lord,winter trial,7.19,7.42,5.34,6.80,3.95,2.41,1.71,2.10,1.96,6.00,2.72,132.45,5.06,4.33,38.27,4.48,4.38,4.71,46.94,20.94,15.23,0.33,61.12,11.24,-0.02,15.29,10.04,5.11,4.58,6.21
13,KW3077,winter trial,7.20,6.40,5.31,6.69,4.42,2.71,2.43,2.10,1.97,6.50,1.44,135.64,4.06,4.33,28.65,5.59,5.09,5.54,45.27,21.70,20.60,0.37,62.76,12.32,5.14,15.43,10.41,4.89,4.83,5.86
14,Rodeo,winter trial,7.77,7.84,3.68,6.23,3.91,2.72,4.00,2.10,5.29,7.00,1.95,147.08,3.32,2.33,38.97,4.89,4.62,5.62,45.43,20.35,12.68,0.36,68.72,9.66,1.10,17.27,12.90,4.36,7.09,5.89
15,Rapid,winter trial,6.62,7.33,3.67,7.29,3.32,3.40,3.58,2.10,3.46,7.50,2.75,152.55,4.37,2.33,41.61,5.58,5.17,5.38,46.35,19.79,12.75,0.33,65.46,10.34,0.73,17.26,12.77,4.44,6.91,5.91
16,Boston,winter trial,7.81,7.26,4.00,7.58,4.21,2.38,3.15,2.11,1.53,4.50,2.16,138.99,4.32,6.33,44.89,5.04,4.67,5.02,47.64,19.63,16.16,0.36,65.77,10.77,-0.79,16.38,11.83,4.53,6.38,5.87
17,Escort,winter trial,7.93,7.37,2.68,7.47,4.88,2.41,3.15,2.11,2.30,6.50,3.30,142.72,3.98,6.33,36.47,5.28,4.83,5.44,44.66,21.17,20.38,0.43,65.29,10.51,1.26,17.01,12.02,4.79,6.22,6.14
18,Montego,winter trial,7.53,6.78,3.99,7.18,4.13,2.40,2.57,2.10,3.19,5.50,1.97,132.11,2.36,2.33,41.48,4.53,4.33,5.47,46.35,21.03,12.02,0.37,65.64,10.88,-1.72,16.12,11.75,4.61,6.42,5.78
20,Pacific,winter trial,7.35,7.56,4.02,5.37,3.65,2.78,3.13,2.11,2.93,5.50,2.06,131.57,4.04,6.33,35.54,4.95,4.83,4.37,47.35,18.53,14.64,0.32,62.46,10.93,-0.39,15.69,10.99,4.96,5.20,6.27
21,Savannah,winter trial,7.63,7.16,4.35,7.37,3.53,3.10,3.29,2.10,2.73,5.50,2.90,137.12,3.06,4.00,40.01,4.84,4.58,5.02,47.11,19.61,10.21,0.36,64.24,11.31,-1.33,16.91,12.25,4.49,6.76,5.89
22,Missouri,winter trial,7.55,6.91,4.65,7.62,4.48,2.43,4.00,2.11,2.15,6.00,1.82,145.64,3.92,3.00,50.38,4.79,4.32,5.10,46.49,18.89,12.11,0.36,68.56,8.99,0.82,17.28,12.97,4.65,6.73,6.18
23,Manitoba,winter trial,7.78,7.61,3.99,6.79,4.57,3.33,3.85,2.10,5.23,6.50,2.93,153.34,2.32,,45.75,4.86,4.54,5.91,44.98,20.32,16.61,0.40,67.93,9.10,1.12,17.59,13.22,4.38,7.24,6.00
24,Ladoga,winter trial,7.26,7.27,4.67,7.83,3.82,2.35,3.86,2.10,2.01,7.50,2.49,139.53,2.98,,47.60,5.46,4.94,5.38,46.46,19.18,17.30,0.42,67.65,10.04,-0.27,17.83,13.51,4.40,7.64,6.03
25,Atlantic,winter trial,7.44,7.29,4.32,7.21,5.23,2.43,2.99,2.11,2.26,7.50,2.63,142.58,2.91,2.33,37.31,4.48,4.35,5.29,46.54,20.05,18.79,0.37,68.72,9.95,2.35,16.99,12.37,4.55,6.48,5.94
26,Cooper,winter trial,7.46,6.62,3.65,7.24,3.34,2.76,3.43,2.11,3.50,7.00,1.73,144.38,2.32,2.33,41.27,4.95,4.71,4.79,45.71,20.51,14.20,0.35,63.22,10.74,-0.34,16.95,11.63,4.86,5.77,6.17
27,Licapo,winter trial,7.37,7.96,3.33,6.08,3.62,1.82,5.85,2.10,7.42,7.00,5.09,164.30,4.25,6.33,28.64,4.18,4.26,5.43,42.92,22.78,16.05,0.45,62.08,11.39,-1.53,17.17,11.54,5.11,6.40,6.26
28,Capitol,winter trial,7.71,6.15,4.32,7.37,3.24,3.11,4.14,2.11,3.50,6.50,2.99,151.46,5.67,4.00,35.14,5.43,5.13,5.33,44.71,20.63,17.00,0.40,64.39,10.13,-1.45,17.30,12.37,4.81,6.63,6.10
29,Idol,winter trial,7.32,6.66,5.66,7.58,3.71,2.39,2.29,2.10,2.29,6.00,3.36,140.08,4.65,4.33,34.00,4.64,4.47,4.77,47.35,19.13,17.00,0.35,65.56,9.99,0.49,16.21,11.76,4.62,6.11,5.97
30,Vivol,winter trial,7.34,7.13,3.70,6.98,4.01,2.38,4.15,2.10,5.26,4.00,3.31,147.33,4.66,4.33,36.11,4.35,4.36,5.11,46.31,20.76,20.68,0.43,63.91,10.97,-2.68,15.58,10.78,4.65,5.58,5.83
32,Lirajet,winter trial,7.95,6.97,2.96,8.12,5.11,2.39,4.43,2.10,5.00,5.00,3.76,154.78,4.36,4.00,40.47,4.93,4.75,5.62,43.63,19.44,13.98,0.38,70.09,8.60,0.74,18.56,13.83,4.88,7.10,6.57
33,Lisabeth,winter trial,7.01,6.13,3.01,7.36,4.35,2.31,4.85,2.11,5.52,7.50,3.48,151.63,4.03,2.33,24.45,4.44,4.62,5.48,45.24,20.81,29.34,0.50,69.04,8.98,4.30,17.73,13.07,4.47,7.50,5.99
34,Lipid,winter trial,7.55,7.11,5.02,8.21,4.57,2.35,2.86,2.10,1.52,7.00,2.98,149.08,4.01,3.00,40.54,5.79,5.44,5.32,42.88,20.45,8.11,0.25,62.36,11.10,3.10,18.57,13.23,5.20,6.32,6.73
35,Lipton,winter trial,8.05,7.19,3.64,7.41,5.03,3.06,3.00,2.10,2.50,5.00,3.46,133.10,3.63,2.33,34.81,5.35,4.99,4.87,45.29,21.41,51.43,0.63,69.91,9.28,0.75,17.08,11.67,4.65,6.46,5.95
36,Lisek,winter trial,7.70,6.92,3.39,7.01,6.30,4.35,3.85,2.11,5.75,4.50,4.03,140.40,5.00,4.33,44.36,5.20,4.76,5.43,42.63,20.55,11.48,0.36,66.28,9.65,-0.31,18.68,13.62,5.00,7.16,6.47
37,Contact,winter trial,6.96,6.73,5.35,7.44,3.81,2.40,3.00,2.10,2.55,5.00,2.30,142.91,5.70,4.00,36.55,4.79,4.64,5.28,46.89,21.09,17.06,0.44,74.19,8.54,-0.31,16.48,12.06,4.31,6.51,5.72
38,Lion,winter trial,7.29,7.45,2.35,5.97,2.57,3.08,3.71,2.10,4.46,6.00,2.69,141.46,3.96,2.33,35.06,4.35,4.54,5.11,45.75,20.27,17.91,0.34,65.36,9.82,2.61,16.87,12.17,4.73,6.23,6.23
39,OASE,winter trial,8.00,7.47,4.01,7.36,3.92,2.45,3.57,2.11,2.92,5.50,2.16,145.31,3.05,2.33,37.79,4.80,4.71,4.76,47.12,19.23,12.43,0.34,66.71,9.72,2.05,16.74,12.31,4.55,6.29,6.17
40,Apex,winter trial,7.82,7.32,2.99,6.90,4.10,2.31,3.57,2.11,5.27,6.50,2.61,138.43,3.63,2.33,39.43,4.54,4.34,5.11,45.45,20.05,20.70,0.39,67.76,10.23,1.64,17.08,12.34,4.87,6.35,6.32
41,Recital,winter trial,7.74,7.53,2.97,5.98,3.87,2.33,3.14,2.11,2.54,5.50,2.41,138.91,4.06,4.33,38.74,4.83,4.72,5.48,45.30,19.63,16.25,0.35,65.78,10.22,1.95,17.21,12.47,4.73,6.35,6.00
42,Magnum,winter trial,6.54,7.50,4.03,6.97,4.16,2.37,4.15,2.11,5.48,8.00,3.32,150.74,3.68,6.33,22.45,6.22,5.77,5.25,41.72,24.69,27.68,0.47,66.10,11.60,4.48,16.58,11.16,5.02,5.78,6.06
43,Madrigal,winter trial,7.47,7.95,3.65,6.83,3.35,2.34,4.15,2.11,3.44,6.50,3.26,144.67,3.56,4.00,48.20,5.19,4.80,5.15,44.60,22.60,19.86,0.44,65.36,9.65,1.15,16.88,11.74,4.89,6.20,6.19
44,Laser,winter trial,7.22,6.66,2.97,8.52,3.12,3.02,4.29,1.94,5.53,7.00,3.13,156.52,4.63,3.00,49.14,5.15,4.57,5.23,46.99,19.63,15.86,0.38,64.02,10.50,-1.73,16.96,12.25,4.57,6.59,5.90
45,Fortis,winter trial,6.49,7.24,2.67,6.94,3.23,3.40,3.58,2.11,4.50,5.00,2.93,143.63,3.65,2.33,41.05,5.05,5.03,5.17,45.23,20.10,11.58,0.38,68.91,8.53,1.48,16.97,12.60,4.58,6.20,6.26
46,Smart,winter trial,6.57,6.73,4.32,7.89,2.86,2.39,2.85,2.10,3.44,7.00,2.55,143.28,3.64,2.33,51.21,4.92,4.56,4.73,45.70,18.88,18.05,0.40,68.31,9.72,-0.68,17.27,12.47,4.79,6.47,6.21
47,Roxet,winter trial,7.14,6.76,4.01,7.82,2.36,3.10,4.28,2.11,4.94,6.50,3.11,153.50,2.62,2.33,43.11,5.07,4.66,5.29,45.74,20.33,22.53,0.37,66.98,10.10,2.35,17.33,12.90,4.54,6.98,5.90
48,NK Bravour,winter trial,6.01,5.85,3.33,7.26,3.63,2.32,4.72,2.10,6.23,7.00,4.48,154.01,2.66,2.33,33.13,4.59,4.57,5.21,46.40,20.35,15.42,0.43,64.36,10.94,-1.81,16.96,11.96,4.62,6.51,6.06
49,NK Fair,winter trial,6.98,6.93,4.01,7.47,4.07,2.73,4.00,2.10,3.76,5.00,1.83,141.87,3.64,,35.64,4.45,4.29,5.36,46.12,21.45,16.43,0.38,64.91,10.85,1.15,15.38,10.95,4.56,5.54,5.65
50,Aviso,winter trial,7.66,7.09,3.33,6.98,3.53,3.04,3.30,2.10,4.08,6.00,2.22,144.70,2.76,2.33,34.29,5.08,4.82,5.36,46.29,20.09,14.98,0.38,61.73,11.84,0.19,16.68,11.88,4.87,6.11,6.04
51,Sansibar,winter trial,3.66,5.18,4.01,7.45,3.26,3.11,4.57,2.11,6.00,5.50,2.45,146.16,4.98,4.33,29.42,4.03,4.24,5.43,44.66,18.84,18.91,0.37,63.66,9.66,2.70,17.45,12.99,5.05,6.19,6.54
52,SWGospel,winter trial,7.73,6.61,4.30,7.81,3.53,2.42,2.58,1.94,3.07,6.00,2.64,139.27,4.42,6.33,48.61,4.47,4.42,5.04,47.07,18.96,17.06,0.37,65.99,9.71,-1.14,16.66,11.99,4.72,6.08,6.13
53,Verona,winter trial,6.81,6.07,3.00,7.35,5.07,2.42,4.72,2.10,5.84,6.50,1.76,155.74,2.32,2.33,36.48,4.73,4.64,5.56,45.70,20.36,16.83,0.42,64.63,10.31,-1.96,16.86,12.10,4.56,6.59,5.98
54,Tenor,winter trial,6.59,7.42,4.35,7.00,2.87,3.35,2.57,2.10,3.02,5.50,3.60,142.33,3.01,6.33,28.58,4.61,4.42,5.33,47.78,21.19,16.50,0.46,65.90,10.64,-1.17,16.20,11.60,4.31,6.55,5.62
55,Expert,winter trial,6.38,7.30,2.63,7.99,3.40,2.34,3.14,2.10,3.01,6.50,3.37,133.01,4.05,2.33,43.98,6.01,5.42,5.13,46.59,19.66,18.27,0.38,64.67,9.47,-2.82,16.09,11.75,4.79,5.57,6.11
56,Musette,winter trial,6.77,6.42,5.01,8.23,3.73,2.38,3.14,2.11,2.98,5.00,2.66,144.58,6.02,6.33,36.62,4.49,4.57,5.74,46.07,20.80,18.42,0.48,67.38,10.41,3.34,17.19,12.76,4.28,7.24,5.78
57,Kvintett,winter trial,7.84,6.57,2.31,8.19,3.97,2.38,4.16,2.11,6.01,5.50,3.23,143.27,3.63,2.33,40.48,4.70,4.61,5.73,44.96,21.16,15.29,0.43,66.67,9.63,0.20,16.98,12.27,4.69,6.50,6.04
58,Falstaff,winter trial,6.20,6.23,2.35,8.19,4.86,3.09,3.59,2.11,4.50,6.00,2.28,142.04,5.94,2.33,38.52,4.25,4.31,5.51,46.40,20.14,20.76,0.42,65.93,11.24,-1.49,16.64,12.41,4.52,6.87,5.82
59,SW Sinatra,winter trial,7.24,7.24,4.68,7.08,3.74,2.41,3.99,2.10,4.56,6.50,2.11,156.62,3.05,2.33,36.46,4.89,4.87,5.70,44.85,20.51,17.23,0.38,65.75,8.97,0.14,16.50,12.03,4.77,5.61,6.17
60,Viking,winter trial,7.22,6.97,5.32,7.34,3.77,3.09,2.86,2.11,3.24,5.50,2.24,142.73,4.69,4.00,45.76,4.40,4.24,4.77,46.64,20.87,8.20,0.32,60.90,12.13,-2.29,15.81,10.55,5.25,4.80,6.22
61,Aragon,winter trial,7.18,6.14,4.00,8.17,4.05,2.41,3.14,2.11,2.27,5.50,2.37,138.49,2.97,0.33,38.27,5.21,4.96,5.29,47.77,18.98,15.20,0.39,67.41,10.29,-1.74,16.73,12.74,4.33,7.18,5.75
62,Aurum,winter trial,6.80,5.94,2.65,8.62,3.12,2.43,3.13,2.10,4.81,6.00,2.17,137.58,3.67,0.33,44.17,4.49,4.35,5.04,45.78,19.67,14.02,0.29,63.93,10.10,-2.07,16.53,12.11,4.83,6.07,6.13
63,Lorenz,winter trial,6.97,7.16,3.99,7.98,4.61,2.41,3.42,2.10,2.75,6.50,3.04,137.94,4.04,3.00,45.26,4.79,4.48,4.98,48.68,18.32,20.98,0.37,64.57,10.32,0.12,15.59,11.55,4.55,5.72,5.78
64,Baros,winter trial,7.34,6.06,4.65,7.17,3.96,2.42,3.14,2.11,1.76,4.50,2.43,141.04,6.33,4.33,44.81,4.82,4.49,5.34,45.82,18.92,13.51,0.36,63.25,11.17,-4.45,17.17,12.48,4.88,6.30,6.20
65,Rasmus,winter trial,6.26,6.67,4.65,7.63,3.51,2.35,3.72,2.11,3.98,6.50,2.07,137.95,3.04,4.33,49.22,4.79,4.78,4.95,46.08,20.40,11.57,0.37,65.22,10.18,1.37,17.07,12.27,4.72,6.39,6.29
66,Gefion,winter trial,6.84,6.76,4.02,7.67,3.80,2.45,3.29,2.10,4.46,7.00,1.82,144.68,2.49,2.33,39.26,4.14,4.30,5.00,46.77,19.99,16.54,0.39,68.72,9.40,-0.35,16.63,12.00,4.59,6.24,6.16
67,Nugget,winter trial,7.24,7.13,2.68,6.96,6.05,2.33,3.29,2.10,3.81,7.00,2.09,126.87,3.98,4.33,39.69,4.41,4.24,5.60,45.54,20.17,13.15,0.38,64.26,10.33,-0.70,16.66,12.00,4.82,5.95,6.12
68,Zephir,winter trial,6.62,6.82,4.31,7.61,3.83,3.30,4.15,2.11,4.50,6.00,2.50,162.41,3.98,4.33,39.35,5.01,4.89,5.70,45.91,20.31,16.34,0.41,66.61,9.93,-0.64,16.72,12.17,4.65,6.45,5.93
69,SLM 0413,winter trial,7.64,7.46,4.34,6.99,3.45,3.38,3.00,2.10,2.27,4.50,2.60,147.19,3.71,6.33,38.75,4.43,4.23,5.65,46.58,19.41,11.35,0.27,65.73,10.02,1.91,16.81,12.79,4.46,6.59,5.81
70,SLM 0512,winter trial,6.97,7.10,3.67,6.88,4.57,2.34,3.57,2.12,1.56,6.00,1.75,130.47,4.27,2.33,35.53,5.18,4.96,4.83,46.59,19.96,14.56,0.33,64.78,10.66,1.47,16.36,11.70,4.77,5.70,6.21
71,LSF 0519,winter trial,7.49,7.78,4.02,6.62,3.91,2.73,4.00,2.11,3.97,6.00,1.86,153.72,3.92,2.33,42.69,4.05,4.30,5.30,47.54,18.17,16.46,0.35,68.03,9.51,0.19,16.02,11.99,4.32,6.19,5.73
72,Beluga,winter trial,6.46,6.63,3.65,7.39,3.02,2.44,3.42,2.10,2.80,6.50,2.12,145.38,3.63,2.33,37.76,5.42,5.18,5.69,46.07,20.85,19.45,0.42,65.95,10.63,0.95,16.42,12.03,4.44,6.49,5.72
73,Amor,winter trial,6.16,6.38,5.69,7.20,4.36,2.43,2.86,2.10,3.29,5.50,2.86,136.19,4.02,4.33,42.97,5.26,4.95,5.40,43.33,18.93,16.31,0.35,65.78,9.81,-1.66,18.17,13.39,4.97,6.58,6.51
74,Ascona,winter trial,7.07,7.40,3.33,7.91,4.99,3.11,4.43,2.10,4.21,6.00,5.10,150.75,5.61,7.00,35.24,4.88,4.75,5.12,45.80,20.36,16.96,0.37,62.52,11.62,-0.26,16.62,11.30,4.94,5.67,6.16
75,Campari,winter trial,7.56,7.94,2.30,4.34,5.25,3.84,5.57,2.10,7.72,3.50,6.99,148.76,6.42,5.00,23.26,4.41,4.43,5.93,42.75,22.89,21.05,0.42,65.73,10.27,2.46,16.96,12.44,4.54,7.02,5.94
76,Caramba,winter trial,7.31,7.33,3.31,7.55,5.03,3.09,4.00,2.10,5.05,4.50,5.02,155.37,6.66,2.33,44.32,5.15,4.81,5.63,44.08,21.03,15.47,0.37,62.42,10.75,-0.58,17.21,12.10,5.20,5.83,6.36
77,Duell,winter trial,7.62,6.12,3.98,7.80,4.66,3.35,2.72,1.94,2.98,4.00,2.62,128.48,3.80,2.33,32.19,4.81,4.84,5.22,46.75,19.33,13.57,0.34,64.85,10.87,-2.70,16.95,12.21,4.56,6.67,5.95
78,Express 617,winter trial,7.41,6.46,3.69,8.21,3.36,2.31,2.99,2.11,3.55,6.00,2.19,139.42,2.60,2.33,30.98,4.91,4.50,5.17,48.30,19.96,18.14,0.40,68.88,10.48,1.42,15.92,11.89,4.24,6.57,5.61
79,Jessica,winter trial,7.33,7.11,3.35,8.09,2.77,2.52,4.57,2.10,4.69,6.00,3.00,156.28,5.97,5.00,56.35,4.50,4.57,5.05,46.82,19.06,12.70,0.35,67.30,8.90,3.36,16.89,12.56,4.55,6.39,6.05
80,Orlando,winter trial,7.56,7.67,3.02,7.11,3.51,2.37,3.71,2.10,3.94,4.50,3.81,135.26,5.37,6.33,38.48,4.74,4.70,5.23,46.81,18.28,14.02,0.33,65.04,9.66,0.37,16.45,12.50,4.69,6.00,6.05
81,Pollen,winter trial,7.00,6.84,3.01,7.82,3.49,3.28,2.72,2.11,4.23,6.00,3.25,129.25,3.94,2.33,35.23,4.63,4.51,5.66,47.60,19.65,19.69,0.46,67.95,9.55,1.39,16.66,12.59,4.30,6.95,5.80
82,Prince,winter trial,7.23,5.94,3.67,7.68,4.92,2.77,3.15,2.10,2.93,5.00,2.70,128.99,4.73,4.33,31.33,4.40,4.40,4.94,46.35,17.80,13.14,0.31,63.16,9.56,-0.44,17.15,12.31,5.12,5.98,6.44
83,Wotan,winter trial,6.95,6.79,3.65,7.71,6.75,2.41,4.43,2.11,5.22,6.50,2.70,150.87,4.99,4.00,39.05,4.85,4.67,5.21,44.50,19.15,13.30,0.34,67.89,9.42,0.25,17.96,13.21,5.03,6.76,6.65
84,NK Nemax,winter trial,7.49,7.30,3.68,7.19,6.18,2.40,3.71,2.10,3.96,7.00,3.09,146.19,5.39,6.33,32.72,5.03,4.80,5.10,46.15,19.26,13.53,0.32,67.78,9.62,-0.19,17.04,12.67,4.84,6.43,6.36
85,NK Passion,winter trial,7.26,7.81,5.66,7.00,2.57,2.32,2.59,2.10,1.99,5.00,2.45,135.48,5.37,2.33,39.27,5.16,4.74,4.78,47.86,19.34,13.48,0.35,67.00,10.18,1.15,17.09,12.41,4.42,6.88,5.86
86,Lilian,winter trial,7.26,6.50,5.65,7.20,3.70,2.34,3.28,2.11,2.47,6.00,2.17,145.75,3.69,2.33,38.47,4.76,4.55,4.68,48.22,19.15,15.11,0.36,65.90,10.86,-2.94,16.00,11.43,4.56,6.17,5.72
87,Barrel,winter trial,7.05,7.37,4.64,6.23,4.09,2.42,3.43,2.10,3.21,6.50,3.05,146.25,3.36,2.33,39.77,4.63,4.36,4.93,47.90,19.04,16.51,0.35,69.53,9.32,1.57,16.73,12.74,4.38,6.97,5.95
88,KW1519,winter trial,6.31,6.90,4.32,6.83,5.27,2.45,3.15,2.10,5.95,5.50,2.97,138.02,4.04,4.33,15.87,5.10,5.00,5.52,43.55,23.65,31.62,0.48,64.85,11.67,7.80,17.31,11.88,4.78,6.72,6.16
112,Mansholt,winter trial,7.47,6.82,3.02,8.20,3.68,3.07,3.57,1.42,4.02,4.50,3.81,133.93,5.62,5.00,31.83,3.92,3.85,5.22,48.88,21.62,61.22,0.70,75.27,7.10,41.75,16.73,12.81,3.69,7.38,5.75
113,Samourai,winter trial,5.07,5.80,3.64,7.37,3.26,3.10,4.72,2.10,5.74,7.50,2.44,160.44,1.93,2.33,32.80,4.56,4.70,5.16,45.66,19.73,17.30,0.38,64.22,8.97,-0.02,16.27,11.80,4.90,5.93,6.29
114,Sollux,winter trial,7.89,7.65,3.04,6.53,4.03,2.41,4.14,2.10,3.99,5.50,3.60,151.20,4.46,2.33,34.44,5.10,4.51,4.60,49.04,21.61,72.01,0.70,72.91,7.75,40.65,15.18,10.54,4.00,5.24,5.79
116,Erox,winter trial,6.99,7.78,3.99,7.52,3.80,3.08,4.00,2.11,4.49,4.00,3.11,150.05,5.59,4.33,29.83,4.72,4.60,5.43,43.72,22.00,79.48,0.99,63.27,11.84,0.01,17.79,10.94,5.01,6.56,5.90
117,Maplus,winter trial,7.53,7.28,3.67,7.30,6.90,2.32,4.15,2.10,4.50,5.00,3.14,146.48,6.70,4.33,39.63,4.74,4.58,5.05,50.46,20.67,17.05,0.37,72.57,8.28,43.41,15.45,12.46,3.72,6.08,5.87
118,Askari,winter trial,6.77,7.58,2.68,7.57,4.75,2.45,3.58,2.11,5.20,7.00,3.29,155.95,5.20,2.33,25.97,5.16,5.07,5.31,48.65,22.20,74.15,0.78,71.97,7.95,42.95,15.50,10.82,4.02,5.49,5.78
119,Lirabon,winter trial,6.79,6.82,4.65,7.68,3.65,2.35,3.00,2.10,3.01,5.00,2.75,140.20,4.33,2.33,36.36,4.64,4.37,5.23,48.41,20.31,64.79,0.70,74.87,8.01,36.29,16.92,12.52,3.87,6.93,5.76
120,Darmor,winter trial,7.39,6.78,4.35,7.41,4.77,3.34,3.14,2.11,3.04,5.00,3.88,135.16,5.71,5.00,41.81,5.14,4.80,5.46,45.65,20.10,11.53,0.36,64.04,10.53,3.33,17.46,12.84,4.93,6.45,6.27
121,JetNeuf,winter trial,6.75,6.50,3.71,7.70,4.18,4.04,3.14,2.10,2.76,5.00,3.70,145.61,6.02,4.00,36.49,4.96,4.77,5.36,45.10,20.43,55.19,0.66,62.90,10.93,0.70,17.14,11.42,4.81,6.15,5.96
122,Cobra,winter trial,6.79,6.69,3.99,7.46,5.00,3.82,3.29,2.11,1.96,4.50,3.82,138.34,6.66,4.00,27.10,4.75,4.65,5.35,44.01,21.37,76.51,0.84,63.76,11.37,0.48,17.75,11.39,4.96,6.47,6.07
123,Falcon,winter trial,7.09,7.26,3.00,7.23,3.65,3.42,4.28,2.10,5.25,5.50,3.22,152.91,5.70,6.33,40.19,4.79,4.81,5.18,45.73,19.66,17.33,0.41,64.61,9.55,2.65,17.04,12.39,4.89,6.18,6.29
124,Mohican,winter trial,7.49,7.24,3.66,7.91,4.01,2.45,3.00,2.11,1.43,6.00,2.64,146.52,3.67,3.00,39.19,4.95,4.87,5.06,47.81,20.39,19.41,0.38,64.37,10.29,1.70,16.44,11.38,4.42,6.06,5.89
125,Flip,winter trial,7.73,6.91,4.32,6.78,1.79,2.41,3.71,2.10,3.79,5.00,3.66,153.57,4.68,5.00,40.12,4.48,4.58,5.60,46.48,20.65,13.54,0.38,67.37,10.34,1.18,17.05,12.85,4.25,7.53,5.67
126,Zenith,winter trial,6.45,6.98,3.67,6.65,3.13,2.37,3.85,2.10,5.00,5.50,2.69,141.48,5.98,4.33,41.13,4.16,4.19,5.14,46.60,19.28,14.87,0.35,65.79,9.75,-0.53,16.21,12.06,4.70,5.91,6.00
127,Phil,winter trial,7.24,6.35,2.99,7.73,4.62,3.42,4.28,2.10,3.73,5.00,3.09,143.67,7.02,4.00,30.60,4.59,4.53,5.15,45.15,20.43,14.35,0.34,62.28,10.90,1.85,16.86,11.81,4.94,5.85,6.19
128,Leopard,winter trial,7.01,6.68,4.03,7.64,4.21,2.76,2.71,2.11,3.77,5.50,2.67,137.17,4.69,2.33,36.25,5.06,4.90,5.03,46.55,20.20,19.39,0.37,66.32,10.54,-0.07,16.99,12.16,4.49,6.83,5.86
129,RESYN-H048,winter trial,7.60,7.33,3.68,5.99,7.12,3.35,3.56,2.16,3.74,4.00,3.00,144.01,6.43,2.33,31.49,3.75,3.92,5.41,47.81,21.76,56.27,0.66,73.04,8.13,33.95,18.27,13.66,4.09,7.76,6.10
130,Resyn-Gö S4,winter trial,7.07,6.69,4.02,8.39,3.69,2.44,4.27,2.60,4.49,5.50,3.13,149.28,2.78,4.33,31.61,4.55,4.40,4.66,48.34,21.48,77.12,0.73,70.37,9.57,43.09,15.88,11.01,4.21,5.63,5.98
131,Resyn-Gö H226,winter trial,7.33,6.96,2.99,7.66,7.35,3.30,3.57,2.11,3.78,4.50,4.73,139.71,5.99,5.50,24.67,4.12,4.43,5.23,48.35,21.78,37.41,0.55,72.54,8.71,43.22,16.05,12.17,3.99,6.60,5.91
132,Anja,winter trial,7.56,6.66,3.66,8.12,4.48,4.50,4.29,2.10,5.93,4.50,7.78,150.72,5.96,6.33,38.90,4.99,4.61,5.89,42.27,21.54,69.14,0.77,66.38,9.96,2.63,18.68,12.77,5.08,7.12,6.33
133,Baltia,winter trial,7.75,6.32,2.67,7.96,4.86,3.71,4.43,1.93,5.81,6.00,5.58,146.29,4.34,4.33,32.57,4.66,4.43,5.45,47.39,21.23,68.78,0.74,72.34,7.99,42.24,17.72,12.89,4.02,6.98,6.06
134,Bolko,winter trial,7.94,8.20,2.65,6.97,3.07,3.02,4.43,2.10,6.54,5.50,5.64,157.81,3.65,4.00,28.53,4.69,4.38,5.57,45.12,23.80,48.87,0.66,71.54,8.97,25.64,16.87,12.26,4.08,7.17,5.66
135,Brink,winter trial,7.03,6.97,4.98,7.79,4.37,3.40,2.57,2.11,1.29,5.00,3.68,127.52,4.99,3.67,28.92,4.77,4.51,5.20,45.48,19.54,75.95,0.78,63.76,11.31,2.63,17.59,11.65,4.85,6.60,5.91
136,Ceres,winter trial,6.84,6.80,3.36,7.18,4.50,3.25,4.29,2.10,5.18,4.50,4.34,147.91,6.69,6.00,30.34,4.32,4.42,5.25,45.91,19.25,12.37,0.35,63.70,10.55,-2.16,16.86,11.94,4.91,5.98,6.29
137,Coriander,winter trial,7.05,6.65,5.65,8.05,3.50,3.33,3.30,2.10,2.56,3.00,4.85,146.53,6.07,4.33,33.10,4.20,4.25,5.21,44.27,22.00,66.97,0.79,66.28,9.83,2.96,17.54,11.34,4.92,6.66,6.05
138,Diamant,winter trial,8.00,7.62,3.67,7.39,5.38,2.41,4.00,2.11,4.27,5.00,2.62,144.88,4.02,4.33,28.29,4.57,4.36,5.24,47.66,20.59,77.65,0.78,72.62,8.28,41.69,17.81,13.12,3.90,7.60,5.85
139,Dippes,winter trial,7.50,6.79,5.31,7.47,3.15,3.24,4.01,2.11,2.31,4.00,4.23,146.45,4.69,2.33,35.52,4.74,4.54,5.28,47.42,21.10,74.85,0.81,72.57,8.55,41.91,17.85,12.61,4.16,6.86,6.19
140,Doral,winter trial,7.09,6.52,4.01,7.68,3.57,2.25,3.57,2.10,5.26,4.50,4.60,161.59,4.29,4.33,37.54,5.21,4.89,5.42,43.37,21.40,76.37,0.81,65.30,9.43,1.95,17.98,11.84,4.81,6.70,6.07
141,Edita,winter trial,7.15,6.72,3.34,6.86,2.76,2.74,3.43,2.10,3.67,4.00,4.43,144.55,5.86,6.00,28.15,4.67,4.55,5.17,43.89,21.17,67.84,0.81,65.83,10.08,3.67,17.93,11.99,4.66,6.98,6.01
142,Erra,winter trial,6.91,6.32,2.64,7.79,3.35,4.49,4.01,2.11,6.50,4.00,6.42,156.79,7.64,8.00,28.02,4.53,4.32,5.09,43.51,21.24,69.07,0.80,65.98,10.55,1.66,18.35,11.95,4.94,7.05,6.21
143,Gross-Luesewitzer ,winter trial,8.16,8.12,3.36,7.57,3.79,2.45,4.14,2.10,4.97,4.50,4.39,168.13,5.34,2.33,32.96,5.41,5.11,5.69,46.66,22.09,85.83,0.90,72.64,8.24,43.62,17.88,12.75,3.92,7.46,5.91
144,Gülzower Ölquell,winter trial,7.32,7.14,4.31,7.66,5.63,3.10,3.00,2.09,3.27,4.50,4.92,147.64,6.43,2.33,34.17,4.63,4.58,5.17,48.54,21.00,80.22,0.73,73.43,7.75,42.68,16.63,11.93,3.81,6.43,5.78
145,Hokkai 3-Go,winter trial,7.66,7.09,5.03,5.78,5.39,2.74,2.56,2.11,2.98,5.00,4.82,136.78,6.65,8.33,32.68,3.80,3.94,4.97,49.05,21.72,75.34,0.76,73.31,9.41,37.91,16.63,11.99,3.76,7.34,5.61
146,Janpol,winter trial,7.70,5.78,2.36,8.30,5.51,2.38,4.00,2.11,4.00,4.00,6.24,149.81,7.43,7.00,34.10,4.30,4.08,5.03,44.59,22.67,75.17,0.78,63.10,11.55,3.38,15.53,9.38,5.12,4.80,5.88
147,Jantar,winter trial,7.80,7.12,2.64,7.39,5.53,3.35,4.99,2.11,5.72,6.00,5.59,148.85,5.33,5.00,27.52,4.39,4.41,4.93,47.29,20.74,15.58,0.36,63.90,10.65,0.32,15.20,10.62,4.71,5.32,5.89
148,Jupiter,winter trial,8.02,7.15,2.66,8.19,6.37,2.42,3.72,2.11,4.48,5.50,3.99,134.66,3.40,4.33,36.61,5.17,4.58,5.55,42.76,21.45,73.83,0.80,66.84,10.51,2.51,17.43,11.43,5.04,6.07,6.24
149,Krapphauser,winter trial,7.92,7.41,2.67,6.74,4.15,4.54,4.43,2.11,5.67,5.00,6.67,124.03,5.94,8.33,24.55,4.09,4.04,4.87,46.70,23.07,88.40,0.89,72.24,8.64,43.08,16.58,11.01,4.42,5.85,6.12
150,Kromerska,winter trial,7.22,6.20,4.33,7.85,7.07,2.35,3.44,2.11,3.55,4.50,4.77,144.60,6.94,5.00,32.57,4.38,4.13,5.12,45.92,23.43,79.13,0.79,72.75,9.05,31.61,17.11,11.90,4.24,6.95,5.73
151,Librador,winter trial,7.43,6.98,2.67,6.35,4.64,1.83,5.13,2.11,6.01,5.00,5.02,155.51,7.03,3.67,35.53,4.09,4.17,5.27,45.76,21.68,19.03,0.43,67.86,10.26,3.04,16.84,12.37,4.37,7.29,5.74
152,Libritta,winter trial,7.90,7.61,1.97,5.98,3.73,3.04,4.44,2.10,3.73,5.50,3.17,149.04,4.18,4.33,24.73,4.66,4.45,5.10,46.82,21.15,10.19,0.37,64.89,10.77,3.02,16.19,11.52,4.67,6.69,5.76
153,Liglory,winter trial,7.55,6.73,2.35,7.30,3.46,3.41,4.42,2.10,5.27,4.50,4.63,140.19,8.05,7.00,32.86,4.25,4.23,5.12,46.01,21.21,16.09,0.40,66.07,10.97,-0.12,16.76,12.01,4.56,6.87,5.96
154,Liporta,winter trial,7.55,7.00,4.68,6.83,4.38,2.45,2.85,2.11,3.45,5.00,2.20,134.08,6.31,8.33,36.85,4.16,4.14,4.78,47.75,18.26,14.16,0.33,64.10,9.91,-0.48,16.05,11.53,4.89,5.36,6.15
155,Lirafit,winter trial,7.45,7.72,2.69,3.57,5.35,4.01,5.42,2.10,6.53,3.00,5.84,132.96,7.54,7.00,21.72,4.12,4.52,5.90,41.42,22.91,25.55,0.40,63.95,8.88,2.15,16.79,11.57,5.06,5.31,6.32
156,Lirakotta,winter trial,7.18,6.61,4.37,7.80,4.39,2.38,3.28,2.10,3.28,4.50,4.80,148.56,4.69,6.00,34.34,5.04,4.75,5.05,44.43,20.37,74.36,0.74,65.79,10.44,-0.41,18.07,12.20,4.74,7.13,5.94
157,Madora,winter trial,7.72,6.50,4.35,8.18,3.28,2.43,4.42,2.11,4.23,5.50,2.98,160.70,5.70,4.33,32.63,4.75,4.53,5.60,42.91,21.65,54.40,0.62,66.76,10.10,0.91,18.07,12.44,4.92,6.80,6.19
158,Major,winter trial,7.29,7.34,4.68,7.64,4.16,3.25,3.44,2.10,3.48,4.50,4.01,153.13,5.96,4.33,34.33,4.77,4.49,5.34,46.97,22.00,82.98,0.81,73.33,7.97,36.94,16.86,11.88,4.02,6.76,5.76
159,Markus,winter trial,7.26,7.33,3.97,7.95,4.63,2.30,3.87,2.10,4.02,5.00,2.17,158.54,3.66,4.33,30.13,5.06,4.78,4.74,48.86,22.09,77.23,0.78,72.96,7.94,41.69,16.33,11.42,3.97,6.28,5.83
160,Matador,winter trial,7.69,6.36,4.64,8.13,3.50,3.36,3.00,2.11,2.79,4.50,2.17,142.74,4.98,6.00,23.48,5.22,4.91,5.29,46.05,23.36,97.42,0.97,72.18,8.36,42.27,17.21,11.29,4.35,6.25,6.06
161,Mestnij,winter trial,7.59,6.39,5.00,5.85,4.22,3.51,1.56,2.11,3.21,4.50,4.24,125.69,5.09,8.33,17.53,4.13,4.22,5.42,44.50,24.03,67.00,0.71,68.81,9.31,32.49,17.03,11.52,4.63,5.96,6.22
162,Moldavia,winter trial,7.24,6.92,5.02,7.44,4.10,3.10,2.86,2.11,4.79,4.50,5.53,128.54,4.62,6.33,19.68,4.84,4.69,5.70,45.56,21.82,81.60,0.96,72.37,9.45,41.00,18.45,13.53,4.30,7.97,6.20
163,Mytnickij,winter trial,7.84,6.58,3.67,8.05,4.84,4.07,3.28,2.10,4.28,4.00,5.81,147.67,5.97,5.00,28.65,4.89,4.70,5.72,44.92,22.90,84.13,0.79,73.68,7.83,38.95,18.46,13.46,4.28,7.59,6.19
164,Nemertschanskij 1,winter trial,7.21,7.36,3.00,7.32,4.44,3.12,4.57,2.10,5.92,7.50,4.05,162.90,4.69,6.33,24.24,5.70,5.67,4.65,47.24,22.60,89.43,0.86,71.66,8.07,39.59,15.62,10.17,4.20,5.08,5.83
165,Norde,winter trial,7.87,6.72,2.68,8.44,3.45,2.32,3.72,1.57,4.77,5.50,2.73,151.31,4.74,4.33,30.01,4.45,4.59,5.28,47.80,19.84,76.37,0.75,74.58,7.51,44.14,18.51,14.02,3.85,8.01,6.10
166,Panter,winter trial,7.52,7.25,3.98,7.70,3.47,3.08,2.72,2.11,2.05,4.00,4.75,141.93,5.69,6.33,28.49,4.85,4.60,5.28,47.72,21.41,77.11,0.76,75.61,6.66,43.05,17.01,12.55,3.86,7.08,5.85
167,Quedlinburger Platzfester,winter trial,8.19,6.66,4.03,8.45,3.30,3.07,3.43,2.10,2.49,5.50,3.50,149.18,4.40,2.33,31.21,5.36,4.85,5.23,48.54,22.48,76.39,0.76,74.63,8.63,42.61,17.91,12.56,3.72,7.12,6.09
168,Ramses,winter trial,7.39,6.48,5.30,7.78,5.02,2.51,1.86,2.10,2.79,4.50,4.41,135.15,5.71,3.00,28.85,5.02,4.82,5.14,44.63,22.92,94.50,0.92,70.76,8.56,41.72,17.72,11.47,4.41,6.35,6.18
169,Sarepta,winter trial,7.64,7.86,3.35,5.52,3.65,4.54,6.57,2.11,6.75,4.00,4.56,157.33,5.02,,20.07,4.12,4.10,5.05,47.66,22.75,77.12,0.78,73.41,7.46,36.08,16.32,11.66,4.09,6.19,5.80
170,Skrzeszowicki,winter trial,7.78,6.89,3.66,8.42,4.34,2.36,4.00,2.11,3.52,5.00,5.19,141.64,3.98,6.33,26.30,4.65,4.45,5.26,46.55,22.52,78.90,0.79,73.24,8.04,42.34,17.08,12.08,4.08,6.65,5.91
171,Skziverskij,winter trial,7.53,6.26,3.98,8.31,4.06,3.33,3.28,2.71,3.02,4.50,4.09,140.71,3.08,4.33,20.72,4.68,4.58,5.28,45.79,22.58,80.40,0.82,72.27,8.50,32.71,17.35,12.08,4.43,6.47,6.06
172,Slovenska Krajova,winter trial,7.48,6.87,3.99,7.69,4.89,3.40,2.58,2.10,3.04,4.50,2.97,143.61,5.02,6.33,27.92,4.52,4.45,4.74,48.83,21.34,84.64,0.82,72.10,8.37,46.69,16.93,11.96,3.91,6.82,5.81
173,Sobotkowski,winter trial,7.22,6.63,3.38,7.75,6.10,2.40,3.71,2.10,2.98,4.50,2.82,142.49,4.71,4.33,30.08,4.19,4.21,5.41,47.34,19.99,75.17,0.74,72.25,8.18,39.50,17.04,12.82,3.91,7.03,5.84
174,Sonnengold,winter trial,7.21,7.40,3.98,6.70,4.78,2.39,4.15,2.10,5.76,5.50,3.20,161.29,4.62,5.50,31.72,4.80,4.19,4.95,46.81,21.95,86.05,0.81,74.00,7.16,41.94,16.51,11.47,4.30,5.80,6.01
175,Start,winter trial,7.93,7.94,2.68,5.71,4.63,2.35,5.14,2.11,6.77,6.50,2.93,165.38,3.94,3.00,20.14,6.78,5.89,5.89,40.65,24.00,47.22,0.63,62.03,11.63,-1.87,18.56,12.25,5.18,6.99,6.28
176,Trebicska,winter trial,7.92,7.78,5.33,6.94,3.55,3.99,4.14,2.10,5.66,4.00,6.91,154.64,7.92,7.00,28.44,4.61,4.48,5.12,47.48,22.13,76.62,0.78,73.65,7.61,40.99,16.23,11.51,3.83,6.15,5.68
177,Victor,winter trial,7.70,6.96,3.34,8.08,5.13,3.31,3.85,2.10,4.23,5.00,3.55,142.71,4.05,4.33,28.60,4.49,4.12,5.29,45.53,22.93,86.45,0.88,72.40,8.22,44.69,17.26,12.34,4.37,6.82,6.08
178,Vinnickij 15/59,winter trial,7.64,6.67,3.02,7.76,3.39,5.13,3.72,2.11,5.77,4.00,7.04,140.47,4.02,8.00,28.68,4.48,4.50,5.39,46.65,22.48,84.03,0.87,73.41,8.16,43.07,17.13,12.45,3.97,7.07,5.86
179,Wolynski,winter trial,8.55,6.78,3.98,7.81,3.57,2.33,3.30,2.43,4.43,4.50,2.80,150.77,6.26,2.33,27.19,5.29,4.98,4.93,47.62,20.88,75.55,0.77,68.07,9.84,47.57,17.46,12.14,4.49,6.41,6.47
180,V8,winter trial,5.48,6.02,3.01,8.17,3.56,3.43,4.42,2.11,4.03,6.50,3.22,155.39,3.27,4.33,28.04,4.99,4.64,4.63,50.36,21.35,45.04,0.52,75.48,7.44,47.79,15.19,11.58,3.79,5.80,5.77
181,1012-98,winter trial,6.44,5.91,2.31,5.50,6.60,3.35,4.00,2.10,5.99,5.00,3.27,118.02,5.66,8.00,13.60,4.13,4.24,4.95,43.82,21.40,20.07,0.44,53.56,11.04,-1.94,14.88,8.82,5.86,2.89,6.85
182,25629-3,winter trial,7.19,6.34,2.68,7.21,2.53,3.15,5.43,2.11,6.76,8.50,4.94,144.43,4.36,4.33,25.92,4.39,4.39,5.03,46.47,24.13,12.41,0.43,63.72,11.07,-1.02,13.78,8.54,4.84,3.79,5.74
183,K26-96,winter trial,7.47,7.16,3.65,7.27,5.45,3.07,3.86,2.11,3.98,4.00,4.30,140.45,7.34,2.33,29.33,3.83,4.26,5.41,47.69,23.03,57.11,0.65,73.69,8.10,47.97,16.86,12.57,3.73,7.01,5.84
198,Palu,winter trial,7.74,8.53,1.34,3.58,1.63,1.80,6.54,2.27,6.95,8.00,4.75,150.05,3.33,5.00,18.44,3.08,3.67,6.19,43.18,25.62,76.10,0.79,70.16,7.20,37.25,19.03,12.80,4.96,6.62,6.85
199,Parapluie,winter trial,7.74,7.88,1.32,4.78,2.17,4.15,4.43,2.07,6.23,9.00,3.69,129.76,3.39,2.33,15.01,3.91,4.14,5.86,42.21,26.53,76.43,0.79,73.38,7.93,35.43,17.79,12.19,4.16,7.05,6.00
200,Samo,winter trial,8.00,7.80,2.69,4.26,5.56,4.44,4.14,2.11,7.24,5.50,5.93,140.23,5.06,8.33,26.29,4.60,4.45,5.77,44.57,24.04,82.76,0.87,74.10,7.48,42.48,18.34,12.73,4.25,7.18,6.18
201,Silona,winter trial,7.70,8.39,4.32,7.00,5.26,1.83,3.71,2.11,6.25,4.50,4.61,146.17,6.31,4.33,25.49,4.95,4.49,5.30,45.61,23.70,85.24,0.84,75.23,8.65,42.93,17.93,12.60,3.76,7.75,5.60
202,Chuosenshu,winter trial,7.20,6.83,4.35,4.77,3.22,3.33,2.58,2.11,4.79,4.00,3.71,127.19,5.39,6.33,25.83,3.98,4.26,5.08,46.54,22.04,41.73,0.53,70.63,9.12,20.58,16.67,12.12,4.17,6.56,5.83
203,Taisetsu,winter trial,7.47,6.74,3.68,6.10,3.03,3.80,5.15,2.11,6.27,5.00,7.19,142.13,5.03,7.00,34.71,4.18,4.32,5.49,45.06,23.57,74.62,0.86,69.58,9.05,37.55,17.43,12.02,4.19,6.76,6.07
229,SWU Chinese 1,spring trial,5.47,3.27,,,,9.03,1.84,,3.23,,9.01,112.29,8.14,,9.16,,,5.26,42.97,25.36,69.02,0.66,67.50,12.77,36.96,15.87,9.94,4.64,4.75,6.39
230,SWU Chinese 2,spring trial,5.02,4.06,,,,5.02,3.65,,2.74,,5.98,116.38,5.05,,16.86,,,5.67,43.03,21.97,20.48,0.42,64.68,12.35,4.22,17.88,12.43,4.66,6.65,6.16
231,SWU Chinese 3,spring trial,6.02,2.93,,,,7.46,2.72,,2.81,,7.97,106.76,4.94,,9.90,,,5.65,42.40,23.74,14.98,0.39,66.89,11.73,2.93,16.24,10.37,4.92,4.97,6.11
232,SWU Chinese 5,spring trial,5.46,3.57,,,,7.51,2.23,,3.65,,8.02,119.49,4.92,,15.38,,,6.67,39.92,25.95,26.19,0.52,63.79,12.67,2.15,17.53,11.44,5.02,6.11,6.24
233,SWU Chinese 6,spring trial,5.51,3.69,,,,8.93,1.54,,2.32,,8.94,88.71,6.90,,17.67,,,6.41,40.08,23.62,42.61,0.57,70.31,11.42,6.65,19.48,13.53,4.56,7.98,6.03
235,SWU Chinese 8,spring trial,3.52,4.66,,,,4.99,3.07,,4.39,,6.04,113.47,4.08,,11.31,,,7.50,38.15,24.55,28.46,0.52,70.33,11.07,5.04,19.33,13.34,4.87,7.34,6.37
236,SWU Chinese 9,spring trial,5.43,3.10,,,,8.50,3.35,,2.66,,8.99,117.32,4.00,,10.46,,,6.07,42.10,26.24,97.50,0.87,73.08,12.76,37.79,17.96,11.30,4.19,7.10,5.78
239,STELLAR DH,spring trial,3.00,5.99,,,,4.43,4.64,,6.06,,4.93,115.25,5.92,,8.34,,,7.08,40.88,26.36,19.20,0.44,66.85,12.57,10.71,17.94,12.49,4.67,7.02,6.20
240,WESTAR DH10,spring trial,2.96,6.24,,,,7.91,3.86,,3.37,,8.84,113.66,6.93,,8.90,,,6.56,41.95,24.93,23.74,0.45,69.63,12.64,5.62,16.64,11.33,4.50,6.20,5.88
241,YUDAL,spring trial,5.52,3.56,,,,2.50,4.06,,5.06,,4.04,116.07,5.02,,12.25,,,5.36,42.00,27.41,112.84,0.95,70.27,11.88,35.96,17.03,9.66,4.55,5.83,6.07
243,CLUBROOT RESISTANT,spring trial,5.06,4.76,,,,,,,,,,41.12,,,,,,,,,,,,,,,,,,
244,COMET,spring trial,6.05,3.45,,,,5.03,3.35,,4.29,,5.97,118.03,5.98,,15.28,,,5.74,44.55,23.93,13.11,0.42,65.22,13.24,2.85,15.84,10.52,4.76,5.58,6.03
250,INDUSTRY,spring trial,3.42,5.58,,,,2.98,3.55,,6.68,,5.00,119.10,5.04,,14.88,,,6.26,46.43,25.10,20.91,0.42,71.14,12.37,41.06,15.69,11.30,4.16,5.77,6.18
251,KARAT,spring trial,5.40,3.55,,,,5.41,4.64,,4.58,,5.83,114.96,2.99,,17.45,,,6.38,43.74,25.47,16.03,0.43,66.16,13.11,3.90,16.58,11.23,4.55,6.16,5.88
252,MARINKA,spring trial,3.45,4.98,,,,5.44,4.32,,5.04,,6.93,130.69,6.03,,21.31,,,6.62,42.67,23.61,18.06,0.43,64.40,13.36,3.35,17.92,12.59,4.68,7.00,6.13
253,NIKLAS,spring trial,5.02,3.76,,,,4.00,3.51,,4.32,,5.01,120.61,6.95,,13.70,,,6.10,41.71,25.31,99.07,0.88,63.38,13.63,4.20,17.31,10.05,4.81,6.49,5.78
254,TARGET,spring trial,4.93,4.35,,,,6.48,3.66,,5.30,,7.00,120.62,4.97,,17.32,,,6.12,43.83,24.09,91.48,0.79,73.57,11.12,35.95,18.15,12.31,4.07,7.49,6.03
255,TIRA,spring trial,4.43,4.23,,,,4.95,6.82,,7.42,,5.86,166.39,4.07,,,,,,,,,,,,,,,,,
258,N01D-1330,spring trial,4.94,3.87,,,,9.03,2.37,,3.05,,8.99,110.04,6.06,,10.95,,,5.80,44.26,25.01,17.92,0.40,66.49,12.77,4.73,15.78,10.33,4.59,5.64,5.77
262,DUX,spring trial,2.02,7.50,,,,4.00,6.49,,5.72,,4.99,130.88,6.92,,3.15,,,7.62,38.90,26.13,50.11,0.59,68.21,13.57,10.80,19.02,13.00,4.69,7.76,6.16
263,ERGLU,spring trial,2.79,6.10,,,,1.74,5.62,,5.41,,2.79,135.11,4.67,,13.86,,,6.66,42.86,24.71,15.89,0.43,71.06,12.02,5.56,17.84,12.68,4.44,7.47,5.92
265,KROKO,spring trial,6.05,3.13,,,,4.55,8.15,,8.36,,6.04,180.65,4.03,,5.75,,,6.93,39.54,26.58,105.72,0.90,70.85,11.24,34.57,18.93,12.13,4.57,7.60,6.14
267,LINETTA,spring trial,5.50,2.74,,,,3.49,4.34,,4.34,,4.98,133.80,6.02,,15.75,,,5.58,45.01,22.94,60.42,0.63,66.73,12.28,5.36,16.43,10.44,4.60,5.99,5.83
268,MAZOWIECKI,spring trial,5.03,4.45,,,,3.01,4.34,,5.91,,4.03,139.74,3.96,,14.61,,,6.05,41.87,25.86,76.74,0.77,67.21,12.23,33.37,17.33,10.84,4.74,6.09,6.24
269,TANTAL,spring trial,2.99,5.03,,,,4.95,8.93,,,,6.94,122.35,4.98,,,,,,,,,,,,,,,,,
271,Liho,spring trial,5.91,3.13,,,,9.01,4.16,,4.93,,9.00,121.25,8.11,,6.78,,,5.89,40.87,25.88,96.78,0.87,72.80,10.97,35.91,18.56,12.10,4.68,7.26,6.56
272,Alku,spring trial,5.50,4.50,,,,4.93,4.22,,5.59,,5.93,129.23,3.92,,14.55,,,5.69,40.55,26.56,91.85,0.86,68.47,11.89,24.02,18.68,11.54,4.96,7.23,6.43
273,Bronowski,spring trial,3.98,4.50,,,,4.48,4.36,,4.82,,6.05,129.74,6.93,,14.71,,,5.78,45.43,24.82,18.62,0.43,76.46,11.42,31.28,17.74,13.06,3.98,7.88,5.98
274,Ceska Krajova,spring trial,3.49,4.29,,,,1.96,6.56,,6.78,,3.83,135.26,5.02,,10.63,,,6.20,42.90,24.54,81.01,0.70,73.95,11.26,39.47,18.28,12.82,4.51,7.33,6.48
276,Janetzkis Sommerraps,spring trial,6.55,2.96,,,,2.97,4.04,,3.94,,3.96,134.14,3.91,,17.62,,,5.80,42.00,24.91,79.30,0.74,72.06,11.30,39.99,18.72,12.45,4.61,7.13,6.55
278,Marnoo,spring trial,2.52,6.42,,,,4.45,4.62,,5.68,,4.93,132.57,3.99,,11.48,,,6.09,39.50,24.22,60.11,0.64,66.07,12.19,8.75,19.60,13.01,5.15,7.77,6.59
279,Nugget,spring trial,5.49,3.25,,,,7.95,2.76,,3.67,,8.94,130.02,3.98,,11.36,,,6.22,39.93,24.89,82.02,0.81,67.33,10.93,6.30,18.65,11.63,5.18,6.90,6.54
280,Olga,spring trial,5.53,3.49,,,,6.05,3.65,,4.29,,6.06,130.21,6.10,,13.68,,,6.02,39.84,24.42,101.29,0.90,68.64,12.28,7.84,19.63,12.24,4.94,8.13,6.26
281,Spaeths Zollerngold,spring trial,7.54,2.44,,,,7.03,4.72,,5.58,,7.04,140.47,3.01,,18.12,,,6.91,41.15,26.46,83.45,0.80,74.18,11.85,39.76,19.20,13.39,4.30,8.32,6.20
282,Svalöf's Gulle,spring trial,6.44,3.55,,,,6.43,3.73,,4.17,,7.83,130.34,4.03,,20.15,,,5.52,45.59,26.28,91.85,0.80,69.02,13.11,37.28,15.03,8.99,4.61,5.16,6.02
283,Topas,spring trial,4.41,4.26,,,,7.50,4.04,,5.31,,8.02,117.56,5.01,,16.42,,,5.71,43.77,25.22,14.82,0.43,66.39,12.60,4.52,16.62,11.06,4.85,6.04,6.20
284,Tribute,spring trial,1.99,7.31,,,,8.00,3.55,,4.67,,7.97,106.79,6.11,,7.21,,,6.60,38.34,26.53,29.36,0.53,68.85,13.15,9.45,18.17,12.37,5.12,7.48,6.52
285,Wesway,spring trial,6.48,3.13,,,,8.98,2.33,,4.01,,9.01,118.93,7.98,,12.94,,,5.34,42.72,21.87,80.09,0.74,66.75,11.04,4.73,18.44,11.82,5.01,7.14,6.49
286,Fido,spring trial,5.94,3.47,,,,3.49,4.76,,4.96,,4.98,128.80,4.06,,18.76,,,5.72,42.56,23.31,34.82,0.48,66.57,12.24,6.01,18.29,12.34,4.93,7.05,6.38
287,Oro,spring trial,3.50,5.72,,,,6.52,4.32,,4.27,,7.08,130.52,5.10,,12.32,,,5.97,38.79,26.15,64.22,0.69,65.21,12.46,7.38,18.85,11.88,5.36,7.12,6.63
288,Tower,spring trial,6.00,2.80,,,,7.51,2.73,,4.26,,7.97,118.08,5.95,,13.64,,,5.32,43.53,24.81,33.46,0.51,67.48,12.48,7.20,17.07,11.13,4.88,6.41,6.27
289,Regina II,spring trial,7.02,2.43,,,,4.02,4.71,,6.57,,5.02,118.19,8.01,,14.27,,,5.68,43.58,24.03,77.61,0.72,71.28,11.70,41.53,18.38,12.74,4.33,7.41,6.36
290,Ability,spring trial,6.61,2.94,,,,5.80,2.86,,3.67,,6.79,118.79,4.67,,17.13,,,5.85,44.93,23.59,23.94,0.44,68.84,12.03,6.22,16.73,11.39,4.47,6.37,5.85
291,Campino,spring trial,6.46,3.55,,,,8.01,2.52,,2.46,,9.02,109.35,5.92,,14.45,,,5.52,44.90,21.72,14.70,0.39,69.45,10.76,5.33,17.63,12.78,4.56,7.02,6.28
292,Clipper,spring trial,4.50,4.28,,,,8.48,4.12,,3.65,,8.94,123.31,6.07,,15.77,,,4.31,46.98,22.12,18.14,0.37,66.04,12.13,2.54,14.79,9.31,5.03,4.26,6.36
299,Larissa,spring trial,7.02,2.97,,,,6.51,3.43,,2.28,,8.07,113.32,3.99,,19.41,,,5.80,43.94,24.92,23.41,0.46,64.82,12.65,4.27,16.38,10.80,4.93,5.99,6.20
300,Magma,spring trial,6.04,3.45,,,,7.98,2.51,,3.33,,8.00,116.24,5.95,,10.08,,,4.95,45.85,22.60,17.94,0.40,68.07,11.36,3.12,16.43,10.90,4.77,5.87,6.08
301,Monty,spring trial,5.99,3.50,,,,8.50,1.71,,4.13,,8.99,105.02,3.97,,17.88,,,4.81,44.27,24.21,11.66,0.36,66.50,12.02,5.65,16.11,10.10,5.16,4.88,6.48
302,Mozart,spring trial,6.02,3.48,,,,3.95,3.67,,4.40,,4.94,122.60,3.97,,21.27,,,5.29,45.53,24.67,19.21,0.42,64.56,13.35,1.52,15.43,9.88,4.83,5.55,5.93
305,Pauline,spring trial,5.98,3.08,,,,8.52,2.54,,3.82,,9.03,95.08,5.01,,17.56,,,4.86,43.72,24.94,17.34,0.44,68.90,11.00,1.60,15.89,9.77,5.21,4.93,6.44
306,Sophia,spring trial,5.38,4.07,,,,2.48,3.84,,5.60,,2.98,125.82,0.93,,15.27,,,4.77,47.67,23.16,12.86,0.36,64.22,13.44,0.85,14.39,9.02,4.83,4.56,5.89
307,Tribune,spring trial,5.04,4.01,,,,9.04,2.51,,3.20,,9.03,106.73,4.05,,11.50,,,6.06,40.64,24.24,12.55,0.41,70.29,10.00,3.72,18.49,12.87,5.18,6.68,6.71
308,Trigold,spring trial,4.48,4.52,,,,7.98,2.85,,2.99,,9.04,105.55,5.97,,12.00,,,5.02,43.29,25.63,16.49,0.43,64.20,14.17,2.23,15.46,9.12,5.28,4.73,6.23
310,Rivette,spring trial,4.99,4.24,,,,6.47,3.64,,3.67,,6.95,130.97,4.97,,16.39,,,5.33,43.37,22.79,18.10,0.41,65.78,12.14,4.28,17.72,12.08,5.03,6.64,6.50
311,Q2,spring trial,3.56,5.46,,,,6.01,3.77,,3.84,,6.02,118.23,4.98,,18.54,,,4.61,45.96,23.56,18.83,0.42,68.09,11.96,2.90,15.28,9.79,4.83,5.22,6.08
312,Adamo,spring trial,6.86,3.10,,,,2.93,5.93,,4.61,,3.85,137.41,6.04,,10.28,,,6.11,39.67,23.90,90.66,0.80,63.17,13.47,7.02,18.82,11.60,5.24,7.01,6.43
313,Altex,spring trial,4.50,4.26,,,,9.00,2.30,,4.23,,8.97,123.59,7.98,,12.96,,,5.46,44.81,24.86,21.77,0.42,66.48,12.88,7.34,16.08,10.71,4.64,5.98,5.98
314,Andor,spring trial,5.51,4.22,,,,9.04,2.84,,3.47,,8.97,113.55,8.04,,11.76,,,5.48,44.21,24.26,22.60,0.43,68.29,12.00,9.06,16.94,11.57,4.63,6.60,6.10
315,Astor,spring trial,3.96,4.74,,,,2.94,6.55,,7.35,,5.01,145.37,2.94,,8.61,,,5.57,41.79,25.25,20.39,0.39,58.90,14.56,1.89,15.73,9.60,5.43,4.47,6.38
316,Aurora,spring trial,6.00,3.29,,,,2.46,4.34,,4.33,,3.98,130.83,2.99,,17.46,,,5.70,43.51,24.67,20.14,0.44,69.10,12.35,5.00,17.05,11.55,4.81,6.49,6.18
317,Bingo,spring trial,4.05,4.75,,,,6.47,4.02,,4.29,,5.96,121.32,3.91,,17.65,,,5.48,42.60,24.48,20.81,0.44,63.96,12.73,2.99,16.46,10.50,5.19,5.45,6.44
318,Callypso,spring trial,5.95,3.51,,,,2.51,4.34,,6.70,,2.98,138.60,3.06,,13.27,,,5.44,44.12,24.09,24.33,0.44,67.85,12.69,4.80,16.88,11.39,4.73,6.53,6.03
319,Concord,spring trial,5.50,3.52,,,,7.01,6.73,,7.79,,8.05,168.76,6.96,,7.27,,,6.37,37.81,25.80,83.60,0.81,64.50,13.13,10.40,19.37,12.05,5.36,7.35,6.59
320,Conny,spring trial,6.05,3.72,,,,9.01,2.35,,3.34,,8.94,118.32,5.07,,13.36,,,5.27,43.07,23.46,95.84,0.81,66.77,12.82,5.20,17.71,10.77,4.83,7.11,6.09
321,Czyzowska,spring trial,6.04,3.51,,,,8.02,2.97,,3.97,,8.06,117.81,8.02,,12.69,,,6.14,41.10,24.95,76.37,0.72,74.31,10.79,36.64,19.88,13.85,4.39,8.45,6.45
322,Daichousen (fuku),spring trial,5.47,3.46,,,,1.48,5.02,,6.29,,2.97,118.15,1.95,,13.95,,,5.39,42.12,26.62,98.94,0.85,70.61,12.17,35.33,17.36,10.45,4.62,6.41,6.15
323,Daichousen (mizuyasu),spring trial,5.46,3.49,,,,6.50,6.15,,7.08,,7.04,132.82,5.04,,13.52,,,5.76,40.40,25.73,94.31,0.82,70.32,11.35,35.54,19.04,12.37,4.78,7.24,6.57
324,Daichousen (nakano),spring trial,4.01,4.81,,,,3.01,5.97,,6.42,,5.07,135.26,2.45,,8.60,,,5.14,40.26,27.25,101.04,0.89,69.84,10.97,28.36,17.55,9.96,5.05,5.82,6.38
325,Erake,spring trial,5.55,3.67,,,,3.53,4.64,,8.02,,4.04,142.75,2.99,,10.78,,,5.72,41.86,25.48,44.94,0.55,64.76,13.93,6.38,17.16,10.54,5.09,6.09,6.17
326,Furax,spring trial,6.78,3.01,,,,0.69,8.35,,,,2.79,158.04,0.48,,,,,,,,,,,,,,,,,
327,Futura,spring trial,5.52,3.75,,,,3.46,4.04,,6.42,,3.99,129.22,5.92,,12.07,,,5.71,43.36,22.98,24.58,0.43,69.10,12.96,6.40,18.34,12.91,4.70,7.68,6.25
328,Galant,spring trial,5.06,3.77,,,,7.58,3.74,,3.54,,9.14,129.63,6.05,,14.26,,,5.14,43.23,23.68,52.03,0.58,67.76,12.14,6.25,17.41,11.20,4.95,6.46,6.36
329,Giant Xr707,spring trial,3.99,4.44,,,,2.01,7.24,,8.24,,4.01,150.41,3.06,,7.58,,,5.42,41.34,27.12,119.45,0.94,70.55,13.08,39.64,18.54,11.06,4.69,7.22,6.36
330,Gisora,spring trial,6.07,3.43,,,,7.07,6.56,,7.96,,8.07,158.73,8.02,,3.91,,,6.08,37.81,26.62,119.01,0.90,62.02,13.96,10.87,18.38,10.17,5.67,6.29,6.62
331,Gogatsuna,spring trial,4.55,4.70,,,,3.01,6.63,,7.78,,5.00,156.75,3.00,,7.35,,,6.07,40.20,26.28,95.07,0.86,71.69,11.68,37.15,19.25,12.39,4.71,7.52,6.52
333,Granit,spring trial,5.47,3.60,,,,4.00,4.35,,5.05,,5.00,132.04,4.02,,19.78,,,5.21,43.38,24.70,18.41,0.40,64.54,12.55,4.79,15.77,9.94,5.23,4.78,6.39
334,Gulliver,spring trial,6.00,3.46,,,,6.50,3.73,,4.96,,7.00,124.41,4.98,,13.44,,,5.68,40.59,25.39,100.38,0.91,62.14,13.26,5.97,17.50,9.68,5.37,5.77,6.31
335,Hankkija's Lauri,spring trial,5.59,3.71,,,,4.56,3.66,,3.01,,5.03,119.85,6.05,,16.95,,,5.17,45.44,23.32,79.52,0.70,71.98,11.77,39.67,17.87,12.34,4.23,7.43,6.27
336,Hiyauchina,spring trial,6.00,3.35,,,,2.47,6.48,,7.14,,3.97,133.25,2.57,,6.35,,,5.62,40.42,28.03,103.67,0.90,67.91,12.91,37.30,18.16,10.64,4.88,6.58,6.34
338,Kajsa,spring trial,4.13,4.11,,,,5.13,3.96,,4.68,,6.06,130.82,4.11,,17.60,,,5.98,44.28,24.09,17.70,0.43,67.97,12.29,4.71,17.01,11.79,4.64,6.72,6.02
339,Korall,spring trial,4.94,4.26,,,,6.99,4.02,,4.21,,8.00,121.25,2.90,,17.73,,,5.31,43.89,26.16,16.10,0.41,65.09,13.07,5.24,15.84,10.02,5.02,5.28,6.20
340,Korinth,spring trial,6.43,2.60,,,,7.43,4.85,,6.60,,7.87,152.37,7.03,,10.98,,,5.75,38.90,25.15,68.25,0.68,67.45,13.38,9.23,19.29,12.42,5.37,7.37,6.76
341,Kosa,spring trial,6.45,3.54,,,,2.94,4.82,,6.92,,3.88,137.60,4.02,,15.69,,,5.01,42.02,25.20,91.77,0.82,65.72,13.61,13.43,17.75,10.52,5.16,6.47,6.42
342,Kruglik,spring trial,6.00,3.23,,,,4.01,3.01,,5.40,,6.03,135.62,4.02,,14.33,,,6.22,42.22,24.36,98.92,0.87,67.08,13.41,7.24,18.13,11.17,4.63,7.38,5.83
344,Lirafox,spring trial,5.50,3.79,,,,9.02,2.84,,3.09,,8.95,120.80,7.02,,12.27,,,6.13,43.20,24.43,19.16,0.43,69.12,12.15,5.33,17.00,11.62,4.58,6.40,6.04
345,Lirasol,spring trial,5.45,3.43,,,,2.49,4.64,,6.95,,4.04,142.67,4.94,,13.58,,,6.27,43.22,25.23,20.27,0.45,66.66,13.16,3.02,16.73,11.19,4.63,6.47,5.88
346,Liraspa,spring trial,5.06,4.52,,,,7.01,3.54,,4.76,,8.03,136.73,6.96,,11.14,,,6.14,43.29,23.85,19.05,0.41,68.28,13.01,4.48,17.79,12.51,4.44,7.43,5.95
347,Lirawell,spring trial,5.45,3.35,,,,2.44,4.33,,5.69,,2.93,129.20,3.03,,19.43,,,6.38,44.02,24.71,20.66,0.43,67.26,12.50,3.50,16.63,11.35,4.48,6.49,5.79
348,Lisandra,spring trial,5.48,4.24,,,,3.97,4.48,,5.69,,6.06,140.68,3.96,,13.63,,,5.82,45.09,23.86,21.69,0.42,66.51,13.64,6.30,16.01,10.65,4.48,5.93,5.82
349,Loras,spring trial,5.47,3.45,,,,2.99,4.07,,5.59,,3.98,123.36,6.00,,12.45,,,5.57,44.18,24.50,30.30,0.48,64.65,12.87,4.05,15.37,9.47,4.87,4.69,6.06
350,Mali,spring trial,7.57,2.70,,,,5.04,5.44,,6.66,,6.01,152.21,6.02,,10.70,,,6.31,41.85,26.24,73.73,0.72,70.38,12.49,36.73,18.49,12.36,4.38,7.57,6.20
351,Maris Haplona,spring trial,5.47,3.27,,,,6.97,4.62,,5.14,,6.94,113.48,5.94,,14.12,,,5.71,40.61,23.21,87.59,0.78,66.62,12.14,8.17,19.30,12.26,5.03,7.39,6.56
352,Masora,spring trial,6.48,2.46,,,,4.47,6.24,,6.76,,4.97,159.90,3.04,,6.44,,,6.53,38.96,25.58,92.08,0.78,67.25,12.79,27.55,19.30,12.45,4.92,7.34,6.64
354,Miyauchi Na,spring trial,5.01,3.98,,,,2.48,7.47,,7.28,,4.03,141.08,2.95,,3.73,,,6.12,38.61,28.64,94.28,0.85,66.99,12.75,34.25,18.39,10.78,5.09,6.24,6.53
355,Mlochowski,spring trial,4.98,3.75,,,,3.98,5.06,,5.91,,5.05,131.86,4.93,,14.69,,,5.25,45.83,25.82,86.61,0.80,66.73,14.27,37.10,15.50,9.27,4.37,5.63,5.77
357,Nakate Chousen,spring trial,5.58,3.68,,,,2.04,6.25,,5.04,,3.05,129.71,2.98,,8.03,,,5.84,41.12,26.86,106.38,0.94,67.88,11.87,33.93,18.13,10.65,4.78,6.43,6.26
358,Nosovskij 9,spring trial,6.08,3.68,,,,3.03,4.35,,5.93,,3.95,129.92,4.01,,15.66,,,5.74,42.65,26.50,87.20,0.87,66.51,12.77,24.98,17.34,10.34,4.78,6.43,6.11
359,Odin,spring trial,5.53,3.77,,,,3.51,7.44,,5.79,,5.03,161.29,3.96,,7.43,,,6.07,39.43,25.54,28.65,0.47,65.42,14.41,5.72,18.89,12.51,5.18,7.28,6.50
360,Olivia,spring trial,4.60,3.65,,,,3.57,4.31,,4.26,,4.06,126.49,5.03,,14.76,,,5.48,42.43,22.68,78.15,0.71,64.89,12.70,8.91,17.90,11.24,5.01,6.74,6.31
361,Omega,spring trial,5.08,4.20,,,,2.10,4.15,,4.38,,4.10,126.92,3.11,,17.61,,,6.35,41.60,25.90,16.35,0.45,67.82,12.23,5.29,17.53,11.89,4.96,6.62,6.35
362,Optima,spring trial,5.54,4.25,,,,3.01,4.66,,5.10,,4.11,144.75,4.03,,17.06,,,5.93,43.23,24.89,19.55,0.42,66.75,12.85,5.12,17.46,11.95,4.78,6.81,6.14
363,Orpal,spring trial,5.48,3.70,,,,7.47,3.74,,4.56,,8.99,125.98,5.02,,16.75,,,5.42,40.26,23.45,74.91,0.74,66.36,11.99,5.30,18.63,11.51,5.27,6.77,6.57
364,Orriba,spring trial,5.56,3.92,,,,9.09,3.42,,4.56,,9.12,124.75,5.06,,15.28,,,5.94,40.90,23.98,90.34,0.79,68.12,12.61,6.28,18.96,12.09,4.88,7.82,6.25
365,Pera,spring trial,6.55,2.74,,,,6.97,5.46,,6.33,,7.96,139.00,7.91,,5.66,,,6.34,38.44,24.91,83.01,0.74,63.41,13.15,7.00,19.13,11.85,5.23,7.12,6.48
366,Pivot,spring trial,4.48,4.47,,,,7.97,3.54,,5.95,,7.97,126.10,6.04,,14.94,,,5.62,43.65,25.20,27.61,0.48,67.56,12.77,7.07,16.81,11.22,4.67,6.62,6.03
367,Pobeda,spring trial,5.56,3.76,,,,9.01,2.72,,3.96,,9.02,110.60,5.98,,11.86,,,5.64,41.28,25.86,86.50,0.78,70.76,11.78,33.91,18.92,12.40,4.62,7.69,6.41
368,Puma,spring trial,5.43,4.28,,,,4.47,4.06,,4.58,,5.03,119.01,4.96,,15.02,,,4.85,43.07,26.79,22.69,0.48,66.76,12.73,7.12,15.74,9.41,5.23,5.27,6.34
369,Pura,spring trial,4.98,3.98,,,,8.96,2.51,,3.17,,9.02,121.72,8.01,,9.09,,,5.27,42.20,25.64,27.81,0.46,68.91,11.78,8.55,16.83,10.87,5.09,5.95,6.42
371,Reston,spring trial,3.49,4.50,,,,7.50,3.65,,4.37,,7.97,122.03,6.11,,9.85,,,6.25,42.10,26.43,28.84,0.48,69.91,13.35,18.37,17.34,11.91,4.57,6.91,6.12
372,Rsio,spring trial,5.01,3.78,,,,4.99,3.35,,4.31,,6.01,145.75,3.95,,13.97,,,6.09,40.79,25.03,48.68,0.60,65.19,13.18,4.39,17.63,10.90,5.09,6.16,6.20
373,Rucabo,spring trial,5.44,4.02,,,,2.49,5.27,,7.72,,4.00,153.34,2.90,,14.45,,,5.97,40.06,24.72,86.78,0.77,64.63,12.90,4.88,18.14,10.77,5.23,6.41,6.33
374,Sabine,spring trial,3.52,4.54,,,,5.01,5.26,,6.67,,6.02,137.57,5.98,,4.57,,,6.36,40.29,25.46,59.08,0.62,65.79,14.53,6.32,18.19,11.48,5.00,6.98,6.13
376,Suigenshu,spring trial,3.03,5.80,,,,2.04,6.89,,6.89,,3.07,127.46,1.05,,,,,,,,,,,,,,,,,
377,Sv 705152,spring trial,7.02,3.00,,,,7.00,3.24,,4.65,,7.04,133.92,6.02,,12.01,,,5.55,41.08,25.89,108.59,0.93,66.16,12.79,11.05,17.86,10.15,4.95,6.64,6.02
378,Sv 706118,spring trial,6.87,2.84,,,,3.92,4.01,,5.26,,5.87,123.58,4.94,,17.07,,,6.23,44.11,25.08,62.04,0.68,69.89,12.49,16.02,17.84,11.81,4.29,7.63,5.73
379,Sv 716,spring trial,6.42,3.10,,,,6.48,3.73,,5.87,,7.00,131.22,5.04,,14.43,,,5.88,44.79,24.47,72.41,0.71,69.27,12.43,25.28,16.71,10.69,4.33,6.34,5.91
380,Sv 75716,spring trial,5.56,3.42,,,,9.04,3.54,,3.96,,9.07,108.82,7.05,,14.69,,,5.68,43.95,24.52,20.96,0.43,65.95,12.72,6.03,16.88,11.20,4.68,6.19,6.05
381,Tanka,spring trial,4.60,3.90,,,,2.07,4.85,,6.73,,3.07,122.40,4.01,,11.95,,,5.95,42.91,25.40,89.17,0.78,70.05,12.00,36.39,17.75,11.49,4.43,6.74,6.26
382,Toro,spring trial,5.99,3.59,,,,6.49,4.03,,5.36,,8.02,139.78,7.02,,8.41,,,6.43,42.99,25.07,89.24,0.77,72.66,11.89,38.04,18.43,12.64,4.21,7.77,6.06
383,Triton,spring trial,4.58,4.64,,,,7.54,3.34,,3.58,,8.10,109.74,6.00,,12.50,,,6.45,39.75,27.15,24.68,0.46,66.79,13.95,5.74,17.40,11.03,4.89,6.34,6.04
384,Uranus,spring trial,5.48,3.71,,,,6.96,6.86,,6.05,,7.94,155.04,7.00,,5.60,,,6.69,38.73,25.28,50.81,0.59,64.67,14.01,7.82,19.00,12.37,5.13,7.21,6.34
385,Valecovska,spring trial,5.01,4.07,,,,6.09,3.04,,4.06,,7.08,123.68,7.13,,12.01,,,6.45,42.56,25.32,79.47,0.75,71.63,11.36,33.72,18.56,12.63,4.30,7.64,6.14
386,Vanda,spring trial,5.01,4.23,,,,4.49,5.95,,5.39,,5.01,154.95,2.95,,9.75,,,6.56,41.10,24.10,37.24,0.52,68.15,13.21,5.52,18.88,13.03,4.73,7.99,6.13
387,Vankka,spring trial,5.50,3.28,,,,8.56,1.03,,3.54,,9.00,122.39,8.08,,7.09,,,5.81,41.21,25.94,25.56,0.46,62.79,13.53,-0.71,15.63,9.50,5.28,4.31,6.37
388,Vega,spring trial,4.52,4.68,,,,6.99,3.43,,3.92,,7.98,110.49,5.07,,18.25,,,5.65,43.62,23.22,17.40,0.40,67.06,11.46,3.97,17.26,11.66,4.77,6.29,6.19
389,Wase Chousen,spring trial,4.55,4.44,,,,5.53,6.36,,6.63,,7.04,133.07,3.99,,5.00,,,5.53,41.77,26.72,106.50,0.92,68.50,12.74,33.70,17.23,9.72,4.85,5.96,6.25
390,Wesbell,spring trial,6.01,3.28,,,,4.48,3.84,,3.73,,5.03,137.50,2.95,,13.93,,,5.34,41.97,24.21,86.15,0.78,67.78,10.88,11.80,17.71,10.83,5.05,6.25,6.55
391,Wesbrook,spring trial,4.48,3.99,,,,9.01,3.85,,3.92,,9.02,121.43,6.09,,14.17,,,5.14,42.21,25.26,37.63,0.52,65.81,12.76,5.61,16.53,10.05,5.30,5.41,6.49
392,Wesreo,spring trial,4.92,4.28,,,,4.92,3.56,,6.31,,5.89,133.52,2.97,,16.28,,,5.36,41.79,22.35,83.78,0.74,66.14,11.26,5.30,18.53,11.43,5.20,6.66,6.53
393,Wesroona,spring trial,5.53,3.18,,,,8.49,2.83,,3.30,,8.94,129.63,4.99,,12.95,,,5.61,41.48,25.44,52.31,0.59,69.38,12.10,16.90,17.55,11.02,4.99,6.20,6.38
394,Willi,spring trial,5.99,2.74,,,,7.97,4.48,,4.70,,7.95,121.00,5.97,,16.57,,,5.47,41.65,23.33,77.95,0.73,64.25,12.27,7.16,18.42,11.42,5.16,6.58,6.49
395,Ww 1286,spring trial,6.93,2.77,,,,5.97,3.73,,5.00,,7.96,128.10,6.09,,12.46,,,6.00,41.56,25.85,51.29,0.66,64.45,13.09,5.39,17.59,10.96,5.06,6.46,6.20
396,Ww1273,spring trial,4.90,4.35,,,,4.41,4.33,,4.97,,5.83,119.72,3.99,,10.29,,,5.74,42.14,24.64,44.85,0.57,63.59,14.13,6.36,17.13,10.69,5.08,6.18,6.20
397,Ww1289,spring trial,4.98,3.98,,,,8.49,4.06,,5.11,,9.03,138.33,5.93,,13.47,,,6.03,40.17,25.22,45.25,0.57,64.40,13.14,6.99,18.17,11.38,5.33,6.47,6.61
398,Zachodni,spring trial,5.59,3.74,,,,7.56,4.03,,4.91,,8.03,120.10,5.05,,11.47,,,6.22,41.33,25.83,93.91,0.82,72.40,12.14,35.90,19.30,12.80,4.44,8.32,6.23
399,Zairai Chousenshu,spring trial,4.06,4.50,,,,1.03,6.78,,5.46,,3.01,119.40,2.99,,,,,5.36,42.18,25.38,103.47,0.83,70.47,11.37,31.20,17.47,10.75,4.79,6.35,6.42
418,Altasweet,winter trial,6.01,3.92,1.33,5.85,2.34,3.74,8.28,1.28,7.80,5.50,2.74,139.43,6.31,2.33,11.15,2.99,3.42,6.36,41.18,25.63,94.51,0.89,71.30,9.01,36.67,18.89,12.74,4.74,7.27,6.39
419,Angus,winter trial,2.71,3.64,2.31,5.58,3.81,5.34,6.15,1.28,6.74,5.00,4.64,138.27,4.65,7.67,9.50,3.02,3.42,5.66,43.68,23.67,75.88,0.92,69.68,9.63,16.23,18.47,12.09,4.60,7.15,6.24
423,Britannia,winter trial,4.79,4.25,1.65,5.46,2.11,1.24,7.99,1.29,7.48,5.50,4.97,159.00,5.64,4.33,9.36,3.08,3.63,5.85,41.93,23.91,86.65,0.79,71.17,9.20,29.85,18.92,13.52,4.46,7.84,6.23
424,Conqueror Bronze Green Top,winter trial,5.91,5.05,2.01,4.46,3.88,5.21,8.23,1.14,7.46,6.00,4.32,139.80,5.95,,9.62,4.46,4.71,5.45,41.81,24.31,70.61,0.82,69.50,9.97,19.27,18.90,12.65,4.69,7.44,6.32
426,Drummonds Purple Top,winter trial,4.86,4.25,1.29,4.62,4.56,6.31,7.62,1.43,6.77,2.00,6.76,135.23,8.54,6.00,-4.85,3.04,3.57,5.41,41.50,24.15,61.96,0.68,67.25,9.82,15.82,17.85,11.96,4.90,6.55,6.31
427,Essex Model,winter trial,4.83,4.03,1.64,4.81,4.74,5.30,8.57,1.15,7.84,3.00,6.50,134.39,7.55,,-1.70,2.38,2.85,5.20,40.61,25.47,76.13,0.84,72.58,10.04,24.95,17.29,11.40,4.72,6.45,6.21
430,Parkside,winter trial,5.60,4.68,1.98,4.47,3.44,3.37,5.79,2.11,6.83,5.50,5.82,138.35,5.64,7.00,11.92,3.32,3.69,5.46,42.85,25.02,73.30,0.77,73.33,10.17,26.69,18.45,13.23,4.23,8.34,5.99
431,Peerless (Acme),winter trial,5.94,4.80,1.34,4.49,4.11,3.25,7.80,1.29,7.13,8.00,5.58,135.49,5.71,6.00,-2.67,2.67,3.31,6.07,39.74,26.47,88.22,0.86,71.72,9.08,24.43,19.26,12.99,4.79,7.93,6.36
432,Purple Top,winter trial,4.57,3.95,1.33,5.88,5.53,6.20,7.99,1.28,7.10,2.50,7.28,123.71,7.95,9.00,3.67,2.47,2.75,5.40,41.34,24.40,75.64,0.76,68.73,8.76,25.92,18.03,11.64,4.99,6.30,6.37
433,Scotia,winter trial,3.21,4.47,1.37,4.16,4.84,5.86,8.46,1.82,7.06,1.50,7.29,115.81,8.55,9.67,-6.96,2.53,2.99,5.41,41.10,21.88,75.24,0.73,68.81,9.62,26.53,19.15,13.54,4.81,7.66,6.52
434,Tankard Bronze Top,winter trial,6.55,6.40,2.34,5.79,5.78,5.32,6.85,1.00,6.73,0.62,5.95,147.94,8.48,9.67,6.44,3.24,3.91,5.91,41.72,24.68,70.01,0.75,67.12,10.44,19.11,18.23,12.79,4.82,7.20,6.47
435,The Bell,winter trial,4.92,4.79,2.35,3.94,3.68,5.31,8.15,1.43,7.75,4.00,5.24,152.97,6.36,9.67,8.23,2.56,3.13,6.07,42.01,23.92,86.10,0.84,71.08,9.32,33.56,18.73,13.09,4.46,7.63,6.22
436,Tina,winter trial,4.73,4.59,1.00,4.59,1.63,3.25,6.42,1.00,6.97,6.50,4.23,134.93,5.98,,16.52,3.12,3.50,6.24,41.25,25.10,88.48,0.90,73.38,10.17,35.21,20.42,14.38,4.09,9.12,6.21
437,Tipperary (Magnificent),winter trial,4.99,4.13,1.97,4.69,2.60,2.29,7.86,1.57,8.28,4.50,4.40,149.81,6.34,5.00,14.12,3.06,3.57,5.68,41.27,25.25,79.57,0.85,68.66,10.34,24.53,18.41,12.44,4.67,7.23,6.16
442,Hollandse Gele Roodkop,winter trial,5.50,3.74,1.36,4.39,6.15,5.91,7.45,1.48,7.90,3.00,6.19,118.66,8.56,3.67,-5.52,2.66,2.88,5.47,42.71,24.88,58.97,0.74,66.87,11.30,18.59,17.59,10.80,4.58,6.06,6.13
443,Brandhaug,winter trial,4.26,2.46,0.97,3.45,5.37,6.26,7.59,1.10,7.72,-0.38,5.00,111.46,8.53,,,2.63,2.92,5.88,38.27,24.82,72.81,0.69,70.22,10.00,33.07,17.23,11.75,4.65,5.81,6.07
444,Brendbergli,winter trial,3.19,2.56,-0.20,2.46,3.27,,8.20,1.51,7.37,9.38,8.93,89.78,,,,4.75,4.74,,42.04,,19.92,,,,5.34,,,,,
445,Laugabolsrofa,winter trial,5.55,4.62,1.31,3.34,4.75,5.38,8.42,1.27,7.19,2.50,6.73,145.15,8.46,5.67,0.25,2.71,3.36,5.57,42.57,23.23,80.00,0.75,68.51,9.49,30.44,18.54,12.19,4.66,6.35,6.33
446,Ranakaalrot,winter trial,3.77,2.58,1.00,2.19,7.03,,7.46,1.59,6.51,,6.29,82.23,,,,2.83,2.76,,46.30,20.24,72.57,,,,36.30,,,,,
447,Rotabaggeue,winter trial,4.96,4.86,1.63,4.25,5.58,4.33,8.43,1.28,7.11,6.50,5.38,146.34,7.04,6.33,4.08,2.74,3.39,6.16,41.27,24.90,78.03,0.79,71.55,9.60,27.31,18.98,13.27,4.49,7.67,6.29
448,Wilhelmsburger; Reform,winter trial,4.67,4.70,1.39,4.16,5.01,7.30,8.00,1.29,7.79,3.00,8.14,138.84,7.04,9.00,7.62,2.51,3.32,5.76,42.93,23.24,61.29,0.72,69.93,9.28,18.92,18.67,13.12,4.46,7.50,6.19
450,Dalo Trifolium,winter trial,4.88,4.01,1.66,4.90,4.33,4.27,7.43,1.29,6.45,3.00,3.51,133.78,7.54,6.00,7.21,2.25,2.90,5.82,41.35,24.37,78.01,0.82,72.02,8.51,23.70,19.62,13.48,4.47,7.94,6.36
451,Kalfafellsrofa,winter trial,4.64,3.02,1.02,3.35,4.47,5.87,8.64,1.10,6.94,0.62,4.84,120.28,8.55,,,3.39,3.91,6.05,40.48,22.70,36.74,0.50,65.35,9.40,11.13,17.49,12.48,4.87,6.40,5.62
452,Magres Pajberg,winter trial,5.30,4.70,1.32,3.00,5.37,7.33,8.86,1.43,8.13,3.50,5.09,134.60,6.58,7.67,-1.01,3.13,3.36,5.84,41.30,24.97,82.88,0.88,73.14,7.89,30.80,18.67,12.69,4.87,6.84,6.68
454,Troendersk Kvithamar,winter trial,3.28,3.25,1.00,3.80,4.22,,7.11,1.09,7.91,,2.27,125.07,6.75,,,5.27,5.16,5.84,42.74,24.04,23.57,,67.58,8.61,1.54,,10.87,,5.76,
455,Lollo,winter trial,4.52,3.56,0.98,4.29,5.11,5.87,8.48,1.44,7.03,2.00,6.13,127.40,7.93,,6.22,2.58,3.21,6.12,40.86,24.23,85.68,0.86,72.16,8.56,23.74,19.89,14.03,4.37,8.42,6.33
456,Friese Gele,winter trial,4.06,3.94,1.30,3.64,3.40,7.33,8.40,1.27,7.44,3.00,5.86,129.71,7.06,7.67,-7.93,3.77,4.13,5.62,44.42,21.90,49.16,0.53,70.75,9.27,17.85,17.11,12.63,4.32,6.80,5.95
457,Patria,winter trial,4.38,4.64,1.97,5.89,2.83,2.23,6.15,1.57,6.82,8.00,3.73,135.84,3.65,6.33,11.34,2.77,3.27,6.09,42.69,24.03,84.42,0.82,72.53,10.12,24.91,18.87,13.70,4.13,8.66,5.87
458,Kuusiku,winter trial,4.98,5.10,0.96,4.22,4.90,4.33,8.43,1.77,7.78,2.62,6.08,143.93,6.41,,-4.70,2.60,3.38,6.00,41.84,23.31,79.16,0.75,71.60,7.30,22.98,18.75,13.07,4.37,7.03,6.10
459,BRA_1001,winter trial,4.73,3.62,1.68,4.64,5.56,7.18,7.14,1.29,6.74,3.00,7.67,132.61,8.05,8.00,12.32,2.73,3.13,5.82,41.29,23.52,64.97,0.65,69.39,9.15,22.43,18.66,12.95,4.61,7.06,6.42
460,BRA_1042,winter trial,4.93,3.71,1.35,4.08,5.16,6.31,7.50,1.60,7.16,3.00,5.96,123.68,8.58,,5.60,2.26,2.98,5.56,41.60,25.00,78.17,0.80,66.57,9.44,26.48,17.77,12.00,4.67,7.03,6.23
461,BRA_1222,winter trial,5.41,4.85,1.03,2.37,1.86,4.28,8.29,1.76,7.80,4.00,4.68,122.21,5.01,4.33,-1.78,3.06,3.52,6.50,42.26,26.44,75.35,0.78,73.25,8.12,25.49,18.14,12.92,3.92,7.49,6.09
462,Cyclon,winter trial,5.30,4.26,2.33,4.68,3.79,4.30,8.29,1.57,7.74,5.50,4.04,142.16,4.29,5.67,10.31,2.85,3.38,5.75,41.42,24.45,72.34,0.82,71.21,9.59,24.73,18.66,12.97,4.41,7.62,6.19
463,Niko,winter trial,4.86,4.73,2.32,5.18,4.03,4.30,7.43,2.10,7.13,3.62,4.01,135.91,7.06,5.67,10.74,2.87,3.45,5.76,41.64,24.27,78.04,0.79,74.61,8.42,34.52,19.17,13.70,4.55,7.80,6.61
464,Oana,winter trial,4.23,3.78,1.34,5.08,4.80,3.76,8.14,1.72,7.70,5.50,4.29,137.38,5.90,3.00,7.54,2.66,3.25,5.44,42.85,22.92,62.68,0.78,71.62,9.30,20.21,18.28,12.73,4.43,7.34,6.17
465,Ostgota,winter trial,5.51,4.37,1.34,3.66,6.35,7.25,8.13,1.64,7.73,3.00,5.53,130.23,7.12,9.67,-6.52,2.98,3.53,5.78,39.22,24.37,70.05,0.79,68.22,10.25,20.64,18.78,12.60,5.30,6.96,6.77
466,Ruta Otofte,winter trial,5.09,4.70,1.35,4.68,6.68,5.31,8.38,1.43,6.64,3.00,7.22,151.82,6.64,6.00,6.32,2.35,3.14,5.45,43.02,24.48,71.60,0.80,70.87,10.09,23.11,17.46,11.58,4.74,6.62,6.30
467,Sator Otofte,winter trial,5.03,4.21,2.00,4.19,4.63,3.32,8.00,1.57,7.38,3.50,6.18,141.82,7.68,8.00,12.26,2.52,3.22,5.85,41.40,23.46,69.82,0.78,71.72,8.18,25.57,19.53,14.11,4.53,8.31,6.57
468,BRA_1684,winter trial,4.75,3.83,1.37,4.91,5.93,7.28,8.43,1.44,8.23,3.50,7.46,132.48,8.03,6.00,9.00,3.35,4.03,5.82,41.39,24.13,72.84,0.83,69.81,8.75,18.42,19.12,13.19,4.77,7.49,6.51
469,BRA_1685,winter trial,4.96,3.66,1.99,4.55,4.77,7.35,8.43,1.64,7.75,4.50,6.76,147.65,7.60,6.00,1.16,2.67,3.27,5.69,42.34,23.76,69.43,0.75,71.07,8.53,23.55,18.47,12.76,4.78,7.04,6.45
470,Seefelder,winter trial,5.22,4.61,1.31,5.28,4.99,5.30,8.43,1.43,7.75,2.50,7.29,132.96,8.61,8.50,-4.12,2.92,3.65,5.72,40.61,25.60,71.06,0.78,69.47,8.96,25.10,18.09,12.15,4.80,6.66,6.35
471,Angela,winter trial,5.27,4.56,1.99,4.77,5.17,5.87,8.42,1.57,6.90,3.00,6.85,135.44,6.27,2.33,-1.50,3.34,3.62,5.78,40.44,24.43,74.61,0.79,67.60,9.21,18.73,18.55,11.91,4.68,6.16,6.26
472,"Pastewna Zolta, Saba",winter trial,5.17,4.55,1.36,5.27,4.83,5.24,8.43,1.14,7.81,5.62,7.13,149.04,7.52,9.00,7.75,2.89,3.52,6.20,39.49,24.70,72.59,0.80,66.21,9.59,21.80,19.39,13.43,4.90,7.44,6.52
473,Bostan Kombostua,winter trial,6.41,3.48,1.01,4.69,3.21,6.26,7.62,1.94,7.18,1.50,7.98,119.25,7.33,8.33,1.75,3.30,3.87,5.19,43.26,24.83,61.48,0.71,70.03,8.49,25.76,16.39,10.63,4.64,5.09,6.24
474,Mecklenburger Weiße,winter trial,3.95,5.06,2.03,4.36,2.69,2.30,8.56,2.11,7.79,3.50,3.90,156.84,5.65,4.33,10.24,2.96,3.56,5.90,43.18,24.99,77.61,0.71,72.57,7.60,34.68,17.23,11.99,4.33,6.00,6.02
476,Nemuro Ruabaka,winter trial,5.44,4.07,1.36,5.91,4.78,7.29,8.30,2.10,8.09,5.62,3.02,143.91,7.59,7.67,13.69,2.42,3.11,6.05,41.21,24.20,62.91,0.73,73.23,6.55,33.57,18.82,13.73,4.53,7.49,6.56
477,BRA_1814,winter trial,4.42,3.13,1.00,3.24,6.35,,5.85,1.50,7.42,,5.18,93.63,2.90,2.33,,3.83,3.96,,42.46,24.92,42.96,,,,21.38,,,,,
478,Östgöta II,winter trial,5.53,4.38,1.99,4.20,4.81,7.34,8.14,1.57,7.79,2.62,8.38,130.51,7.97,7.00,9.03,2.93,3.47,5.64,39.87,24.30,71.16,0.78,69.86,9.38,19.03,18.08,12.30,5.11,6.65,6.63
479,Gransa,winter trial,5.52,4.12,2.00,5.37,4.45,6.30,8.14,1.43,7.08,2.50,6.48,132.46,8.57,5.67,4.56,2.67,3.27,5.27,42.60,23.74,74.15,0.74,72.35,9.94,31.89,18.43,12.99,4.50,7.20,6.46
480,Dsira Pchali,winter trial,4.98,3.60,1.34,6.46,4.34,6.30,7.57,1.93,6.78,2.50,8.52,121.10,8.64,8.00,-3.53,2.28,3.12,5.27,43.04,22.56,67.62,0.72,75.28,7.41,27.18,17.74,12.44,4.68,6.57,6.60
481,Laitiala AP0106,winter trial,4.57,3.83,1.36,3.63,4.85,7.76,7.96,1.43,8.02,6.00,5.22,138.22,7.40,5.00,-6.26,2.92,3.57,6.41,40.83,24.67,77.24,0.84,68.25,9.12,19.84,18.50,12.19,5.21,6.41,6.74
489,Argentine,spring trial,5.44,3.49,,,,7.02,3.84,,3.07,,8.00,117.98,6.95,,14.64,,,6.27,42.56,25.54,86.08,0.79,73.29,11.26,35.72,18.39,12.31,4.39,7.47,6.23
490,Golden,spring trial,5.46,3.32,,,,7.99,3.03,,4.05,,9.06,115.87,6.04,,13.92,,,5.74,44.86,23.75,77.10,0.71,73.34,11.69,38.19,18.60,13.23,4.09,8.30,6.21
491,DTN-3,spring trial,6.47,2.93,,,,9.01,2.32,,4.46,,8.97,124.68,6.00,,12.52,,,5.34,43.63,23.54,31.75,0.47,66.33,12.58,5.38,16.83,11.20,4.89,6.15,6.28
492,Regent,spring trial,6.07,3.58,,,,3.05,3.65,,4.95,,3.99,119.53,6.01,,16.22,,,5.48,45.26,24.35,20.70,0.43,66.75,13.29,5.35,16.18,10.92,4.61,6.32,5.96
493,Zephyr,spring trial,4.56,4.47,,,,6.57,4.16,,5.00,,6.97,132.98,5.04,,13.83,,,5.38,40.77,25.17,97.64,0.88,62.90,13.40,4.91,17.90,10.17,5.27,6.37,6.30
494,Midas,spring trial,7.04,2.29,,,,8.98,2.33,,3.25,,9.00,119.01,6.95,,13.82,,,5.21,44.18,22.38,85.61,0.72,67.28,12.48,6.43,17.75,11.18,4.73,7.09,6.09
495,Quantum,spring trial,6.95,3.27,,,,9.00,1.72,,2.59,,9.03,116.55,9.04,,13.74,,,5.28,42.89,25.29,20.32,0.44,66.34,12.39,4.84,15.94,10.12,5.10,5.29,6.28
496,Profit,spring trial,2.98,5.76,,,,8.51,3.83,,3.35,,8.98,125.83,4.09,,11.85,,,5.31,44.07,24.89,21.23,0.44,67.65,12.76,4.78,16.56,10.92,4.75,6.23,6.14
497,Sprint,spring trial,7.46,2.58,,,,8.50,2.74,,3.54,,9.04,111.84,7.04,,14.60,,,5.43,42.64,25.88,22.50,0.46,67.46,12.17,8.15,16.57,10.82,5.01,5.83,6.43
498,46A65,spring trial,6.41,3.05,,,,8.44,2.72,,3.27,,8.97,119.98,3.91,,16.42,,,5.19,46.23,23.74,19.00,0.43,70.82,11.79,6.00,16.41,11.31,4.38,6.70,5.85
499,ACS N01,spring trial,5.46,3.32,,,,7.44,2.96,,2.69,,7.99,120.81,4.94,,14.94,,,5.13,45.06,23.18,14.68,0.35,67.25,12.13,5.52,16.43,11.15,4.82,5.79,6.28
500,ACS N89-C239,spring trial,4.98,3.51,,,,8.97,2.05,,2.92,,9.06,110.60,7.96,,14.36,,,5.27,46.99,23.76,33.39,0.47,74.28,11.05,33.05,16.20,11.53,4.14,6.32,6.11
501,ACS N17,spring trial,5.98,3.29,,,,9.02,2.84,,3.71,,9.03,123.27,6.01,,15.93,,,5.02,45.81,23.81,21.01,0.42,67.01,13.30,4.12,15.64,10.33,4.58,5.81,5.90
502,ACS N18,spring trial,5.01,3.49,,,,8.09,2.70,,2.64,,9.10,110.40,6.02,,12.21,,,5.38,44.02,23.12,18.24,0.41,67.98,11.85,6.19,17.58,12.21,4.78,6.81,6.40
503,ACS N21,spring trial,5.48,4.21,,,,7.96,3.64,,3.51,,8.95,116.09,6.92,,10.44,,,5.28,43.42,24.25,17.71,0.43,69.94,11.69,7.21,16.70,11.71,4.75,6.34,6.30
504,ACS N07-C090,spring trial,5.97,2.72,,,,8.93,2.04,,2.71,,8.94,119.82,7.90,,13.86,,,5.48,43.56,22.14,16.78,0.38,65.30,11.27,4.87,17.85,12.54,4.97,6.59,6.56
505,ACS DH12075,spring trial,6.49,2.81,,,,4.46,3.71,,3.17,,5.83,125.78,4.02,,15.20,,,5.89,42.87,23.37,29.28,0.45,69.18,11.58,7.16,17.76,12.31,4.76,6.78,6.23
506,ACS N16,spring trial,2.96,5.24,,,,4.99,3.65,,3.28,,6.99,123.70,2.92,,11.42,,,4.99,43.49,24.39,25.53,0.48,66.76,12.38,3.01,15.88,10.05,4.92,5.44,6.13
507,ACS N00-C3089,spring trial,7.49,2.46,,,,6.02,3.23,,3.99,,7.05,127.81,3.98,,13.11,,,5.38,45.43,24.97,37.37,0.54,75.02,10.90,25.05,16.47,11.31,4.33,6.58,6.07
508,ACS N40,spring trial,5.00,3.79,,,,4.46,2.74,,4.68,,6.04,125.90,3.00,,20.77,,,5.84,43.34,22.18,17.38,0.34,65.03,11.96,6.63,18.29,12.86,4.85,7.05,6.42
509,ACS N39,spring trial,4.01,5.05,,,,8.98,3.24,,2.67,,9.01,123.06,7.93,,15.77,,,4.71,45.06,22.99,19.80,0.41,66.74,11.95,4.23,16.54,11.01,5.09,5.77,6.63
510,ACS N47,spring trial,7.04,3.01,,,,8.98,1.84,,2.25,,9.01,108.25,8.92,,11.93,,,4.49,43.05,23.78,45.88,0.55,65.45,11.08,4.91,16.49,9.87,5.51,4.84,6.78
511,ACS N22,spring trial,5.10,3.66,,,,6.07,3.35,,4.05,,7.07,124.38,6.01,,15.62,,,4.81,44.80,23.40,20.00,0.34,67.17,12.35,6.38,16.16,11.10,4.91,5.88,6.43
512,ACS N04,spring trial,5.50,3.64,,,,8.49,3.01,,2.60,,8.97,111.22,9.02,,7.40,,,5.08,40.42,25.90,22.09,0.45,68.08,12.12,6.78,17.19,11.01,5.49,5.72,6.86
513,ACS N12,spring trial,2.60,6.70,,,,3.61,3.36,,2.69,,4.16,116.64,4.12,,13.82,,,4.91,43.85,24.65,16.77,0.38,66.86,13.22,8.56,16.73,11.29,5.03,6.04,6.44
514,ACS N14,spring trial,4.46,3.78,,,,6.46,2.74,,3.21,,6.98,122.99,5.98,,18.06,,,4.75,43.57,23.75,18.04,0.38,70.21,11.55,5.78,17.13,11.57,4.97,6.28,6.46
515,ACS N28,spring trial,4.45,4.81,,,,7.99,3.32,,4.15,,8.98,119.12,4.02,,16.42,,,4.89,46.39,23.13,24.01,0.43,67.93,12.96,3.90,16.22,11.11,4.59,6.49,6.06
516,ACS N08,spring trial,6.10,2.87,,,,8.61,2.63,,2.57,,9.11,122.17,5.11,,15.85,,,5.05,45.46,23.46,17.46,0.38,70.09,11.06,5.77,16.68,11.46,4.75,6.32,6.25
518,ACS N44,spring trial,5.58,3.65,,,,5.60,4.31,,3.21,,7.07,125.58,6.11,,13.61,,,4.84,45.70,23.51,20.37,0.38,70.20,11.41,6.98,16.63,11.61,4.54,6.64,6.06
519,ACS N07-C053,spring trial,5.52,4.53,,,,8.50,1.67,,1.94,,8.99,89.63,8.92,,6.62,,,5.01,42.43,24.32,21.19,0.45,68.99,11.07,7.59,17.37,11.53,5.10,6.16,6.63
520,ACS N05-C491,spring trial,4.99,3.77,,,,2.52,3.56,,2.41,,3.02,117.53,0.99,,17.56,,,5.08,44.17,23.17,15.14,0.38,67.62,12.47,3.70,17.03,11.54,4.98,6.38,6.36
521,ACS N48,spring trial,5.05,3.47,,,,6.55,3.24,,3.70,,7.04,119.79,5.03,,16.43,,,5.02,43.16,24.58,23.82,0.42,67.74,12.37,6.78,17.28,11.47,5.00,6.37,6.38
522,ACS N01-C102,spring trial,5.52,2.97,,,,4.98,5.23,,5.30,,4.96,122.42,2.91,,19.40,,,5.53,45.58,23.07,22.19,0.42,64.76,12.88,4.03,16.46,10.97,5.00,6.02,6.37
523,ACS N01-C011,spring trial,3.95,5.54,,,,4.52,3.75,,3.99,,5.01,124.95,5.03,,13.08,,,5.25,43.46,24.36,27.64,0.48,69.18,12.05,6.28,17.23,11.54,4.88,6.62,6.28
524,ACS N01-C113,spring trial,5.47,3.46,,,,2.50,5.54,,5.91,,4.00,140.03,2.02,,14.36,,,4.91,43.87,24.44,19.84,0.40,65.01,13.81,5.91,15.84,10.01,5.23,5.25,6.40
525,ACS YN03-C634,spring trial,4.99,4.09,,,,3.00,4.65,,5.73,,4.99,122.83,1.97,,14.96,,,4.74,43.71,25.88,22.67,0.45,60.93,14.48,1.48,14.23,7.76,5.71,3.39,6.57
526,ACS YN03-C652,spring trial,4.45,5.09,,,,2.93,4.35,,4.50,,4.94,111.45,4.96,,15.96,,,4.37,42.89,22.78,11.74,0.31,57.20,13.53,4.43,15.28,9.37,6.08,3.13,7.43
527,ACS YN03-C656,spring trial,6.00,3.23,,,,6.99,3.14,,3.64,,7.99,118.80,4.00,,11.61,,,3.96,46.20,23.16,9.41,0.28,62.28,12.78,3.38,13.92,8.65,5.47,3.19,6.76
528,ACS YN07-C1383,spring trial,4.51,4.90,,,,4.54,4.93,,6.00,,4.97,118.80,3.04,,11.70,,,5.07,42.03,27.58,20.94,0.45,59.82,15.87,3.73,14.34,7.66,5.72,3.67,6.43
529,ACS YN07-C1384,spring trial,5.52,4.25,,,,2.51,4.94,,7.37,,4.01,127.60,2.02,,12.54,,,4.93,42.35,24.85,19.12,0.41,59.51,13.80,4.22,15.03,8.64,5.87,3.46,6.87
530,ACS N07-C1373,spring trial,4.97,3.23,,,,3.97,3.93,,3.43,,3.94,122.49,4.94,,17.84,,,4.99,47.29,22.20,18.58,0.42,68.12,11.47,3.83,15.88,10.65,4.73,5.80,6.08
531,ACS N07-C1374,spring trial,6.00,2.99,,,,4.02,4.32,,4.66,,5.03,131.02,4.59,,15.68,,,5.00,44.33,22.93,13.57,0.33,67.46,11.71,7.12,17.28,11.99,5.02,6.06,6.57
532,ACS Rsyn2-11,spring trial,6.49,3.45,,,,6.51,4.65,,4.54,,7.01,124.00,3.06,,12.54,,,4.95,42.15,27.10,19.34,0.46,59.32,15.38,2.90,14.38,7.85,5.83,3.54,6.60
534,ACS Rsyn1,spring trial,2.88,6.08,,,,7.98,4.33,,5.37,,8.97,114.89,8.04,,5.45,,,5.40,39.83,27.56,29.29,0.49,60.29,15.88,6.16,15.42,8.68,5.91,4.47,6.72
535,ACS YN90-C1016,spring trial,5.97,3.51,,,,8.03,2.54,,3.49,,8.05,110.98,8.07,,9.82,,,4.81,42.89,26.08,22.02,0.47,59.62,14.61,3.24,14.72,8.42,5.72,3.87,6.67
536,ACS YN97-C262,spring trial,5.05,3.94,,,,7.01,2.62,,4.01,,8.00,119.80,5.00,,17.58,,,4.49,47.66,22.46,20.16,0.42,66.35,12.42,3.58,15.03,10.13,4.93,5.19,6.43
537,ACS YN01-C429,spring trial,4.54,4.47,,,,7.00,3.01,,3.71,,7.98,120.84,3.93,,15.71,,,3.90,48.20,21.84,17.64,0.41,63.26,11.54,1.31,13.72,8.54,5.31,3.43,6.63
538,ACS YN-DH27285,spring trial,3.02,5.94,,,,3.01,3.32,,3.72,,5.07,107.81,5.99,,10.86,,,4.23,45.97,24.74,57.09,0.59,64.62,13.68,23.16,14.33,8.24,5.11,3.94,6.52
539,ACS YN94-C9306,spring trial,6.00,4.06,,,,8.49,3.84,,5.10,,9.09,120.59,7.97,,6.67,,,4.95,41.14,28.20,23.55,0.49,54.30,17.02,5.23,14.42,7.48,6.06,3.36,6.70
540,ACS YN9592,spring trial,5.49,4.02,,,,6.02,2.97,,3.39,,6.04,114.03,3.90,,19.15,,,3.69,50.67,20.69,16.29,0.37,64.76,11.76,0.86,13.13,8.34,4.97,3.47,6.32
542,ACS YN06-C0846,spring trial,5.95,3.55,,,,4.49,3.33,,4.36,,5.95,122.29,5.02,,20.58,,,4.32,45.65,24.53,16.99,0.43,59.14,14.65,1.73,13.77,7.85,5.55,3.34,6.56
553,MPIPZ_10,winter trial,6.20,5.31,1.67,5.58,5.59,3.31,5.43,2.11,5.12,6.00,2.72,121.28,5.59,8.33,22.73,5.27,5.37,5.44,42.88,21.47,18.91,0.38,65.01,10.71,2.22,17.60,12.23,4.92,6.14,6.36
554,MPIPZ_11,winter trial,7.02,6.10,3.67,5.92,4.79,3.44,3.00,2.11,4.52,6.50,3.05,138.65,6.62,4.33,27.39,4.33,4.37,5.43,46.95,19.64,16.65,0.38,65.73,9.79,2.78,15.80,11.84,4.74,5.60,6.00
555,MPIPZ_12,winter trial,6.49,6.71,3.00,7.51,5.12,3.26,3.85,2.10,3.97,4.50,5.25,144.86,5.27,6.33,25.91,4.39,4.40,5.45,43.54,22.48,80.23,0.86,63.05,11.57,-1.62,17.19,10.34,5.10,5.78,5.96
556,MPIPZ_13,spring trial,5.56,3.24,,,,3.54,4.03,,5.61,,4.13,117.82,4.06,,13.52,,,6.79,42.13,25.69,103.65,0.90,70.63,12.35,38.02,18.81,12.51,4.03,8.02,5.80
557,Favorite (check),winter trial,7.07,6.93,3.26,6.50,3.18,2.74,3.64,2.11,3.80,6.75,2.29,145.25,2.90,2.33,36.61,4.92,4.66,4.99,47.89,19.07,11.95,0.34,69.91,8.56,-0.13,15.98,12.11,4.45,6.19,5.93
558,NK-Passion (check),winter trial,7.13,7.38,5.46,6.81,3.17,2.52,2.81,2.11,2.09,5.33,2.28,140.10,5.00,3.92,38.75,5.11,4.74,4.86,47.24,19.56,12.80,0.37,66.97,10.10,-0.06,16.78,12.22,4.44,6.69,5.82
559,Campino (check),spring trial,5.77,3.33,,,,8.27,2.34,,2.68,,8.99,115.48,7.99,,14.52,,,5.29,45.37,22.10,15.30,0.38,68.56,11.69,3.49,17.18,12.09,4.58,6.80,6.13
560,Pauline (check),spring trial,6.52,3.29,,,,7.53,3.75,,3.32,,8.72,131.75,4.67,,21.24,,,5.64,43.42,22.54,16.17,0.40,66.26,12.31,3.58,17.55,12.08,4.91,6.52,6.44
561,Sophia (check),spring trial,6.31,3.17,,,,3.49,3.51,,4.18,,5.00,127.92,3.30,,17.85,,,5.12,47.34,22.95,12.92,0.37,64.63,13.47,-0.21,14.69,9.38,4.71,4.78,5.84
,,,,,,,,,,,,,,,,,,,,,,,,,,,,,,,,
,,,,,,,,,,,,,,,,,,,,,,,,,,,,,,,,
,,,,,,,,,,,,,,,,,,,,,,,,,,,,,,,,
,,,,,,,,,,,,,,,,,,,,,,,,,,,,,,,,
